"ID","OS","MEMORY_GB","CPU_CORES","DISK_GB","LOCATION","OWNER","PROVIDER","STATUS","LAST_UPDATED","TAGS"
"012e5817-c9cb-4e2c-bb19-20079909c08a","Windows Server",179,16,3877,"Mexico","Michael Mayo","Google Cloud Platform","Paused","2023-05-03 04:11:38.000","{""costCenter"":922,""instanceId"":""369-db-d53ce72a56471a3"",""name"":""it""}"
"01863a5f-ad58-47b1-b654-af84efda09ae","Debian",142,25,405,"Heard Island and McDonald Islands","Steven Goodman","Amazon Web Services","Paused","2023-05-07 11:41:18.000","{""costCenter"":371,""instanceId"":""i-18d4d2ec"",""name"":""who""}"
"019adb40-c0cc-4a8f-bf6e-15ff02b5dce7","Windows Server",161,20,971,"Malawi","April Cervantes","Google Cloud Platform","Stopped","2023-05-09 02:06:12.000","{""costCenter"":558,""instanceId"":""437-dc-39ac4e8ba8dc562"",""name"":""those""}"
"021646fb-67da-45b3-be9b-adea8d73f01d","Red Hat Enterprise Linux",91,47,2342,"Congo","Christopher Richardson","Amazon Web Services","Running","2023-05-06 20:41:58.000","{""costCenter"":990,""instanceId"":""i-f6c8e3a2"",""name"":""tax""}"
"022c64a3-cf53-4d13-bdb7-f5611458c2d0","Red Hat Enterprise Linux",137,39,4053,"Maldives","Richard Smith","Amazon Web Services","Paused","2023-05-06 23:46:34.000","{""costCenter"":780,""instanceId"":""i-e44c6af5"",""name"":""gas""}"
"02e1de3a-69c7-42e4-be19-8af7495a146f","Red Hat Enterprise Linux",127,21,3945,"Niue","Anthony Nash","Google Cloud Platform","Stopped","2023-05-02 10:49:15.000","{""costCenter"":138,""instanceId"":""21a-fd-4256bf5f3ea3849"",""name"":""region""}"
"03076d2d-13fb-4d03-bf55-da5d2a1f61fb","Ubuntu",36,24,2228,"Dominican Republic","Kimberly Kline","Google Cloud Platform","Running","2023-05-09 05:45:36.000","{""costCenter"":962,""instanceId"":""c0d-77-191c4762c030899"",""name"":""factor""}"
"031fa001-3b70-45cf-8256-4a302046a63b","Windows Server",144,3,1317,"Cook Islands","Chase Bryant","Amazon Web Services","Running","2023-05-03 22:33:30.000","{""costCenter"":431,""instanceId"":""i-52243b42"",""name"":""they""}"
"03f4651c-6bf2-4032-a6ba-61c1c2579851","Windows Server",33,28,2127,"Ethiopia","Crystal Lin","Google Cloud Platform","Paused","2023-05-02 20:47:04.000","{""costCenter"":520,""instanceId"":""a00-0f-5d5164ba28e6d20"",""name"":""industry""}"
"04a7beb0-23eb-46da-bca0-a06f44b4cc26","Debian",96,4,2803,"New Zealand","Cristina Hines","Microsoft Azure","Paused","2023-05-02 18:33:37.000","{""costCenter"":749,""instanceId"":""i-242e92-d8379-4295e"",""name"":""myself""}"
"0509c0d7-5f27-410d-8bc1-83e0a9a2cdd7","Ubuntu",216,36,3629,"Argentina","Joe Harris","Google Cloud Platform","Stopped","2023-05-07 04:56:18.000","{""costCenter"":290,""instanceId"":""56e-19-73ee035b0b4bdb5"",""name"":""watch""}"
"0517a055-3422-46af-aa28-6c41bfe101b3","Windows Server",10,60,3604,"Holy See (Vatican City State)","Amy Yates","Amazon Web Services","Paused","2023-05-07 19:33:09.000","{""costCenter"":387,""instanceId"":""i-8272bf90"",""name"":""answer""}"
"057b935f-df1a-46d6-bc33-d3d5b1f9c03d","Windows Server",46,1,2643,"Singapore","Christine Warner","Amazon Web Services","Running","2023-05-03 02:57:50.000","{""costCenter"":280,""instanceId"":""i-feb4e903"",""name"":""represent""}"
"0599ed98-0208-4e16-a7a4-73a9323cec62","Ubuntu",153,59,1784,"Indonesia","Sherry Robinson","Google Cloud Platform","Running","2023-05-08 08:01:00.000","{""costCenter"":557,""instanceId"":""7b9-1e-45bf51d3805b7ef"",""name"":""for""}"
"062640ed-ca8c-4818-bded-2470a4204583","Debian",69,27,2354,"Jersey","Mary Alvarez","Google Cloud Platform","Paused","2023-05-07 21:24:13.000","{""costCenter"":315,""instanceId"":""44c-19-4c0d688212825b6"",""name"":""notice""}"
"07a1dbc6-02f8-4e89-b257-b4243b9daacf","Red Hat Enterprise Linux",85,45,3172,"Chad","Paula Avila","Microsoft Azure","Paused","2023-05-06 19:36:27.000","{""costCenter"":478,""instanceId"":""i-7b4c21-6f3d5-ef31b"",""name"":""not""}"
"07d8d9f2-41a9-468d-bf52-8293a30f05d4","Debian",103,28,1668,"Grenada","Tina Jacobs","Amazon Web Services","Stopped","2023-05-08 06:02:25.000","{""costCenter"":180,""instanceId"":""i-d48ea377"",""name"":""where""}"
"08da0e4a-b4a5-43bd-99bf-93e5bb7580d5","CentOS",233,26,1905,"Mozambique","Jennifer Perez","Microsoft Azure","Running","2023-05-07 07:16:59.000","{""costCenter"":598,""instanceId"":""i-9500f7-283f1-446fb"",""name"":""right""}"
"0910f248-3d3a-4ebd-bd38-868dfd95ba09","Red Hat Enterprise Linux",196,40,1729,"Slovakia (Slovak Republic)","Paige Holmes","Microsoft Azure","Running","2023-05-02 23:54:00.000","{""costCenter"":457,""instanceId"":""i-348794-d0e18-b9067"",""name"":""four""}"
"091d2670-1cf2-4ac1-aed3-fa44477bacac","CentOS",53,63,2003,"Mali","Mr. Robert Adams","Google Cloud Platform","Running","2023-05-06 12:53:44.000","{""costCenter"":307,""instanceId"":""b3e-04-bd20e87089b3c5f"",""name"":""you""}"
"0922aa32-3909-4553-bf3c-ab082cce3575","Debian",247,5,293,"Netherlands","Loretta Sanchez","Amazon Web Services","Paused","2023-05-01 00:35:54.000","{""costCenter"":670,""instanceId"":""i-6843e026"",""name"":""loss""}"
"0960b303-9604-4f36-9a71-8097b8fc1091","Debian",93,22,1543,"Pakistan","Kevin Thompson","Google Cloud Platform","Stopped","2023-05-01 11:46:40.000","{""costCenter"":476,""instanceId"":""b5e-d0-de3aa2bff7607a2"",""name"":""woman""}"
"0996c22b-4726-46f6-9240-bf0f0f0c58da","Windows Server",170,46,160,"China","James Perez","Microsoft Azure","Running","2023-05-05 16:15:03.000","{""costCenter"":703,""instanceId"":""i-a40f4d-b2176-81468"",""name"":""put""}"
"09c7e5eb-4b25-4234-a1c3-2fc0534e10c5","Red Hat Enterprise Linux",88,20,597,"Indonesia","Donald Nelson","Google Cloud Platform","Running","2023-05-05 19:24:54.000","{""costCenter"":752,""instanceId"":""ef0-ff-24466ddf0208b6a"",""name"":""heavy""}"
"09ccadb9-b8bc-449b-ba45-cd99d190a0a7","Ubuntu",136,55,381,"Equatorial Guinea","Brian Contreras","Microsoft Azure","Stopped","2023-05-07 01:30:14.000","{""costCenter"":847,""instanceId"":""i-9f0833-540ba-c385f"",""name"":""issue""}"
"09eac528-e1c5-4c30-acb8-84b9c7a50dc5","Windows Server",15,33,3148,"Congo","Felicia Callahan","Google Cloud Platform","Paused","2023-05-06 23:50:32.000","{""costCenter"":909,""instanceId"":""832-fc-248205f13164bdc"",""name"":""my""}"
"0b003db3-f737-4aa3-ad6a-d6e7d52b1bbb","Debian",201,25,3279,"Nepal","Mackenzie Neal","Microsoft Azure","Running","2023-05-02 10:48:41.000","{""costCenter"":727,""instanceId"":""i-6cd718-01e01-8e966"",""name"":""civil""}"
"0b33fcb1-99ce-4f3b-a7a0-21bb7d7d8e5d","Red Hat Enterprise Linux",206,3,2287,"Mayotte","Adam Gallagher","Google Cloud Platform","Stopped","2023-05-04 13:56:37.000","{""costCenter"":737,""instanceId"":""ea7-f4-8f29d6d2460cc1f"",""name"":""today""}"
"0b5641ca-2d1b-4b71-8cc9-afc9e0fd1209","Red Hat Enterprise Linux",15,57,421,"Turkmenistan","Jeremiah Wu","Microsoft Azure","Running","2023-05-03 19:22:27.000","{""costCenter"":419,""instanceId"":""i-832e21-fb33a-8e9b3"",""name"":""push""}"
"0ba1085a-2427-4e62-9e12-a630b5e3d6fe","Red Hat Enterprise Linux",138,15,2674,"Guyana","Mario Copeland","Microsoft Azure","Running","2023-05-04 00:07:28.000","{""costCenter"":275,""instanceId"":""i-c33406-fa3d9-cdad3"",""name"":""some""}"
"0be20124-d07f-49d7-a360-40d6d8f36d59","Red Hat Enterprise Linux",168,59,1782,"United States of America","Briana Alvarado","Google Cloud Platform","Paused","2023-05-03 17:08:14.000","{""costCenter"":984,""instanceId"":""d46-41-5e2a4875c8c278b"",""name"":""left""}"
"0c66c8b0-78d4-42a2-a412-0fd3000fe82a","Windows Server",7,50,852,"Saint Barthelemy","Christian Mcintosh","Microsoft Azure","Paused","2023-05-04 20:12:59.000","{""costCenter"":553,""instanceId"":""i-a38c3e-57336-6f79b"",""name"":""would""}"
"0cd50d49-b5e1-4680-a1e5-c881a61b69f0","Debian",256,38,2210,"Monaco","Joyce Perkins","Google Cloud Platform","Running","2023-05-08 14:17:27.000","{""costCenter"":614,""instanceId"":""947-3e-3eabc9e128c540f"",""name"":""follow""}"
"0d31eccf-eb74-45ab-81ba-9db82e743d27","Red Hat Enterprise Linux",5,24,3243,"Thailand","Christopher King","Microsoft Azure","Stopped","2023-05-03 15:08:52.000","{""costCenter"":982,""instanceId"":""i-cfee85-b7ec1-95193"",""name"":""class""}"
"0d429e4a-fad6-4514-904f-d3188fff2db0","Windows Server",117,56,786,"Oman","Melissa Spencer","Microsoft Azure","Paused","2023-05-04 14:07:55.000","{""costCenter"":206,""instanceId"":""i-7e90d2-7c043-73b49"",""name"":""him""}"
"0dca2eed-754a-41ad-a3b9-07cb2387dffb","Windows Server",185,62,2648,"Switzerland","James Collins","Google Cloud Platform","Stopped","2023-05-08 23:19:08.000","{""costCenter"":875,""instanceId"":""5ee-21-4fc7293783de198"",""name"":""decade""}"
"0dec3dd3-919c-492d-8d05-2b46776d553b","Debian",242,2,2120,"British Indian Ocean Territory (Chagos Archipelago)","Ashley Newman","Amazon Web Services","Paused","2023-05-07 07:00:50.000","{""costCenter"":967,""instanceId"":""i-692a0de8"",""name"":""believe""}"
"0df732d5-dcef-4ff9-941d-7881da3cc9db","Windows Server",153,16,317,"Saint Vincent and the Grenadines","Daisy Lynn","Google Cloud Platform","Stopped","2023-05-05 13:28:52.000","{""costCenter"":999,""instanceId"":""812-db-cd7e5fa91ced0b9"",""name"":""require""}"
"0ee589c4-c8b1-41a9-81ee-394e69f22a22","CentOS",211,41,2301,"Fiji","Margaret Hamilton","Amazon Web Services","Stopped","2023-05-06 21:53:29.000","{""costCenter"":576,""instanceId"":""i-80512ea2"",""name"":""finish""}"
"0f6376d5-e9a7-4229-aa18-08aed5aca128","CentOS",73,33,974,"France","Dawn Burns","Google Cloud Platform","Paused","2023-05-05 00:15:09.000","{""costCenter"":341,""instanceId"":""5c3-43-679de628c2b8e87"",""name"":""nearly""}"
"0faceaa2-7cc0-420e-bd54-b6e7f1b787b2","CentOS",256,28,2879,"Palau","Frank Turner","Google Cloud Platform","Paused","2023-05-05 04:55:03.000","{""costCenter"":973,""instanceId"":""faa-e0-dee093cfd5e07ba"",""name"":""hour""}"
"0fef43f9-8d81-46b1-8303-38bb750e604d","Windows Server",248,55,1068,"Chile","Brandy Bailey","Amazon Web Services","Running","2023-05-05 22:21:38.000","{""costCenter"":329,""instanceId"":""i-72179666"",""name"":""job""}"
"0ff24b8d-076b-4bae-bc7a-c351d26a81d8","Ubuntu",248,60,2231,"French Guiana","Sue Sutton","Amazon Web Services","Stopped","2023-05-04 02:34:35.000","{""costCenter"":320,""instanceId"":""i-776ceb65"",""name"":""former""}"
"10c4adf9-8329-44f8-b3ae-ae8ed4474ad9","Red Hat Enterprise Linux",242,11,3302,"Marshall Islands","Tracey Jones","Google Cloud Platform","Stopped","2023-05-09 00:01:56.000","{""costCenter"":316,""instanceId"":""c6a-88-373bb98bd93fbd3"",""name"":""idea""}"
"115bcb66-fd8c-40c2-a8ea-e7aeb51c513a","Red Hat Enterprise Linux",70,43,1259,"Italy","Johnny Harris","Microsoft Azure","Stopped","2023-05-06 11:19:41.000","{""costCenter"":680,""instanceId"":""i-56613a-123ea-1c128"",""name"":""in""}"
"125e886a-8277-41b6-9e0f-cdd2132fb89d","CentOS",137,31,713,"New Zealand","Laurie Rivera","Google Cloud Platform","Paused","2023-05-05 16:07:30.000","{""costCenter"":966,""instanceId"":""831-2f-b29eb024d47228c"",""name"":""today""}"
"12884c01-aeb4-40f2-8c5d-817a570dcf90","Debian",112,59,3335,"Afghanistan","Christie Dawson","Amazon Web Services","Running","2023-05-01 15:45:59.000","{""costCenter"":802,""instanceId"":""i-aee0e963"",""name"":""value""}"
"136a4cc8-a88a-45bd-b675-1e4cfff4b734","Ubuntu",180,57,3062,"Cuba","Matthew Duarte","Google Cloud Platform","Stopped","2023-05-01 05:18:27.000","{""costCenter"":248,""instanceId"":""b23-7d-a8d3967fdf1cef1"",""name"":""reflect""}"
"13d38ea9-1770-4f20-abbb-f2680a89f7d5","Red Hat Enterprise Linux",245,28,1704,"Tunisia","Anthony Martinez","Microsoft Azure","Paused","2023-05-08 14:28:55.000","{""costCenter"":798,""instanceId"":""i-8e57b3-59603-c7027"",""name"":""worker""}"
"1482accb-cd75-4ac4-893e-cbc42335cb6a","CentOS",226,28,2934,"Dominica","Jonathan Pennington","Microsoft Azure","Paused","2023-05-01 01:15:14.000","{""costCenter"":651,""instanceId"":""i-ec593e-c8eaf-2a23c"",""name"":""responsibility""}"
"14a67d16-3674-4cfc-97b6-fedb4e443659","Debian",61,39,192,"Congo","Wanda Thompson","Microsoft Azure","Running","2023-05-09 17:31:37.000","{""costCenter"":277,""instanceId"":""i-218e89-a2272-177aa"",""name"":""spend""}"
"14c7fb6b-a6fe-4709-ab5a-58dd9dfe5bab","Ubuntu",217,28,2892,"Chile","Alexis Ferguson","Microsoft Azure","Running","2023-05-04 21:01:50.000","{""costCenter"":254,""instanceId"":""i-fcf935-ec8bf-06ffb"",""name"":""enough""}"
"14e54715-8ed7-44f7-8133-e9bc2d0e113f","CentOS",200,14,2191,"Saint Pierre and Miquelon","Jose Nelson","Amazon Web Services","Running","2023-05-03 08:04:22.000","{""costCenter"":862,""instanceId"":""i-49e29c00"",""name"":""take""}"
"151af7e8-adc4-4acf-8eff-03d06347dbbe","Red Hat Enterprise Linux",174,27,2537,"Taiwan","Robert Mitchell","Amazon Web Services","Stopped","2023-05-07 14:36:28.000","{""costCenter"":472,""instanceId"":""i-5c1fd172"",""name"":""similar""}"
"153409e2-2395-4ad6-9fee-b8b6342d9631","Windows Server",165,22,2621,"Ghana","Raymond Warren","Microsoft Azure","Stopped","2023-05-05 12:35:09.000","{""costCenter"":972,""instanceId"":""i-97c789-5c5f2-2b664"",""name"":""unit""}"
"1546b832-8ad1-4e0a-bf3c-c48cbe657109","Debian",61,37,1838,"Panama","Douglas Reeves","Amazon Web Services","Paused","2023-05-01 04:00:10.000","{""costCenter"":777,""instanceId"":""i-1f306858"",""name"":""test""}"
"15873328-3d62-41b9-96e5-0eb9cf867ceb","Red Hat Enterprise Linux",201,8,1776,"Botswana","Tanya Wood","Google Cloud Platform","Running","2023-05-02 00:43:12.000","{""costCenter"":711,""instanceId"":""bbd-d7-7a327cdccd3a18d"",""name"":""great""}"
"161ddec0-9689-42c6-933c-38417d0b682c","CentOS",122,25,2956,"Venezuela","Brian Mendez","Google Cloud Platform","Stopped","2023-05-07 23:29:54.000","{""costCenter"":360,""instanceId"":""888-a6-05f8731e17583b6"",""name"":""staff""}"
"16e658d3-61e4-4256-9c66-f64921572997","Red Hat Enterprise Linux",239,50,556,"Saint Kitts and Nevis","Isaac Foley","Amazon Web Services","Stopped","2023-05-06 14:08:27.000","{""costCenter"":727,""instanceId"":""i-edd22de7"",""name"":""food""}"
"174bfe13-5274-4508-b714-de300cfc7bab","Debian",36,59,2590,"Kiribati","Carolyn Jones","Microsoft Azure","Paused","2023-05-08 01:08:29.000","{""costCenter"":654,""instanceId"":""i-b5eca9-83ede-7896f"",""name"":""door""}"
"1751e091-7c96-46b3-9660-1ca595390d13","Windows Server",247,55,1114,"Niger","Dawn Fox","Microsoft Azure","Stopped","2023-05-07 06:50:33.000","{""costCenter"":665,""instanceId"":""i-8eb928-f70d8-4ee09"",""name"":""while""}"
"17587780-a5c9-47e0-8d7a-01b8a7b93484","CentOS",179,11,1074,"Libyan Arab Jamahiriya","Robert Johnson","Microsoft Azure","Running","2023-05-03 03:23:23.000","{""costCenter"":125,""instanceId"":""i-4100b8-60d0d-63fdb"",""name"":""win""}"
"1779fd9c-1464-43d8-af72-28be79256708","Red Hat Enterprise Linux",107,34,3379,"Philippines","Jared Garrett","Google Cloud Platform","Stopped","2023-05-03 02:48:24.000","{""costCenter"":734,""instanceId"":""bb1-e5-0960bf98ec1bd49"",""name"":""thus""}"
"17e12c2f-416c-4c44-95fe-5f89e163cde3","CentOS",185,22,3401,"Holy See (Vatican City State)","Jessica Hill","Microsoft Azure","Stopped","2023-05-04 15:41:55.000","{""costCenter"":194,""instanceId"":""i-d2cbd0-3574f-f91b7"",""name"":""involve""}"
"18a17982-49a8-4bb3-a94f-4071f83e7ab8","Debian",137,52,2236,"Liechtenstein","Elizabeth Martinez","Google Cloud Platform","Running","2023-05-02 07:46:30.000","{""costCenter"":411,""instanceId"":""82f-18-b730f35bb6aaff7"",""name"":""than""}"
"18ca565c-dd73-4911-92bc-4c610b931db5","Red Hat Enterprise Linux",207,26,2086,"Central African Republic","Theresa Gonzalez","Microsoft Azure","Running","2023-05-03 04:31:54.000","{""costCenter"":599,""instanceId"":""i-101fd1-a3194-e31c4"",""name"":""quickly""}"
"193a8fa1-2a02-4f6d-905d-0a789bb2965a","Debian",134,18,2473,"Malaysia","Michael Alvarez","Amazon Web Services","Paused","2023-05-01 19:44:48.000","{""costCenter"":375,""instanceId"":""i-4021bc71"",""name"":""her""}"
"1a38f8ab-ca53-4d4a-aae1-0b33e244f4f8","Red Hat Enterprise Linux",241,56,2007,"Macao","Jacqueline Cunningham","Amazon Web Services","Paused","2023-05-09 07:24:55.000","{""costCenter"":645,""instanceId"":""i-78dd36ea"",""name"":""instead""}"
"1a411672-b76e-4e4f-8804-c5efc6dc8a9f","Ubuntu",83,8,521,"Uzbekistan","Kelly Fritz","Google Cloud Platform","Stopped","2023-05-08 00:49:14.000","{""costCenter"":139,""instanceId"":""811-7a-0e1c5b9de78aa47"",""name"":""bed""}"
"1a4aa6c9-518d-496b-89bf-af2721c567d7","Debian",87,12,3410,"Ecuador","Adam Skinner","Microsoft Azure","Running","2023-05-02 19:10:35.000","{""costCenter"":471,""instanceId"":""i-edefbb-45f44-b1075"",""name"":""almost""}"
"1b3558dd-fd37-4962-a6f8-a4508e364092","Ubuntu",33,44,3722,"Palau","Amber Payne","Amazon Web Services","Running","2023-05-07 03:08:08.000","{""costCenter"":231,""instanceId"":""i-39d6c9cc"",""name"":""charge""}"
"1b46099e-ffc8-48d5-9b0a-57b7ee47dee7","Debian",127,13,2517,"Aruba","Sherri Schmitt","Amazon Web Services","Paused","2023-05-02 18:36:56.000","{""costCenter"":746,""instanceId"":""i-0034fbdd"",""name"":""save""}"
"1b480c9c-0261-4132-a705-49b534e1f889","CentOS",157,57,2908,"Bolivia","Ryan Zhang","Microsoft Azure","Stopped","2023-05-04 16:48:49.000","{""costCenter"":727,""instanceId"":""i-2afa98-4772f-cc37b"",""name"":""director""}"
"1c2690d3-4034-41ba-8089-f8f42aa948e0","Ubuntu",91,10,1127,"Paraguay","Melissa Lopez","Microsoft Azure","Paused","2023-05-05 15:26:57.000","{""costCenter"":746,""instanceId"":""i-1ca045-bf627-e3397"",""name"":""create""}"
"1c362dc6-8376-493e-9cd6-c3251ae5fb4f","Windows Server",53,1,3700,"Syrian Arab Republic","Steven Ward","Amazon Web Services","Running","2023-05-03 17:16:14.000","{""costCenter"":631,""instanceId"":""i-dfbef862"",""name"":""environment""}"
"1c46c5c9-335f-44b1-9086-ac1bf8604c48","Ubuntu",18,9,56,"Netherlands","Shannon Dixon","Amazon Web Services","Paused","2023-05-03 00:44:31.000","{""costCenter"":305,""instanceId"":""i-200f8f7d"",""name"":""own""}"
"1c77bcfd-d165-4c41-bf1e-d6735e0d1d52","Red Hat Enterprise Linux",215,4,134,"Gibraltar","Robert Chen","Google Cloud Platform","Stopped","2023-05-02 15:31:42.000","{""costCenter"":201,""instanceId"":""72e-68-80f3dc73609ce5e"",""name"":""difficult""}"
"1d397d63-8348-4709-91ad-2988557d2918","Ubuntu",165,60,1682,"Japan","Gregory Arroyo","Google Cloud Platform","Running","2023-05-09 01:38:57.000","{""costCenter"":966,""instanceId"":""710-16-4e20af5fbb254ac"",""name"":""term""}"
"1d8bc6ec-7a37-442f-b88a-5d676b9f5574","Windows Server",20,12,2826,"Korea","Mary Morgan","Microsoft Azure","Paused","2023-05-07 21:20:06.000","{""costCenter"":517,""instanceId"":""i-797fd9-d933f-01b5b"",""name"":""should""}"
"1dc8394c-0c76-4b77-ae65-647cbb9ceb37","Windows Server",232,5,3234,"Marshall Islands","Jon Vargas","Amazon Web Services","Stopped","2023-05-06 07:56:06.000","{""costCenter"":501,""instanceId"":""i-ec95a3b8"",""name"":""front""}"
"1dc8bdb1-8fce-4e18-bb4f-08584239f429","Ubuntu",192,33,603,"Argentina","Angela Bridges","Microsoft Azure","Stopped","2023-05-08 05:24:29.000","{""costCenter"":600,""instanceId"":""i-7a24f7-9a009-49cd5"",""name"":""college""}"
"1def187d-846d-4931-a8b1-e04f4f39895e","Windows Server",218,35,1127,"Liberia","Jennifer White","Google Cloud Platform","Paused","2023-05-01 20:39:37.000","{""costCenter"":424,""instanceId"":""2c4-ba-1a2579b8511489e"",""name"":""talk""}"
"1ec8c938-8e30-4455-a19e-b6296a3f369c","Debian",56,50,3203,"British Indian Ocean Territory (Chagos Archipelago)","Barbara Garcia","Amazon Web Services","Paused","2023-05-09 10:40:32.000","{""costCenter"":965,""instanceId"":""i-0db39544"",""name"":""figure""}"
"1ee1ab94-18ff-4e7a-ac82-3058dfde1ab3","Ubuntu",215,4,3778,"Somalia","Amy Williams","Google Cloud Platform","Stopped","2023-05-08 06:28:44.000","{""costCenter"":719,""instanceId"":""7b8-70-c1bc05db367d894"",""name"":""western""}"
"1f567e57-0231-4e5a-ab65-407d3fce6d8f","Debian",154,50,2070,"Guinea","Katrina Melendez","Amazon Web Services","Paused","2023-05-05 04:28:26.000","{""costCenter"":113,""instanceId"":""i-bea40af8"",""name"":""fact""}"
"1fbc1464-a5c7-447a-be2f-f9b68dcce612","Ubuntu",96,10,2653,"Lao People's Democratic Republic","Jessica Johnson","Amazon Web Services","Paused","2023-05-06 05:46:11.000","{""costCenter"":615,""instanceId"":""i-88f4a941"",""name"":""first""}"
"2012aa3c-63cd-4ea2-9887-226f6873ee2c","Windows Server",4,3,1818,"Barbados","Cody Brock","Amazon Web Services","Paused","2023-05-08 20:18:26.000","{""costCenter"":523,""instanceId"":""i-760731fc"",""name"":""population""}"
"204c0dfd-b65a-4e6a-8b60-c777df47242b","Debian",225,58,1144,"Azerbaijan","Clifford Fisher","Amazon Web Services","Paused","2023-05-01 12:27:27.000","{""costCenter"":943,""instanceId"":""i-cdd9eaf8"",""name"":""property""}"
"213399e6-25d6-494e-9826-5cc6f784e54b","CentOS",38,8,2264,"Samoa","Katrina Bennett","Amazon Web Services","Running","2023-05-06 09:35:35.000","{""costCenter"":809,""instanceId"":""i-9ae67665"",""name"":""certain""}"
"21724707-216d-406f-866d-db93b4a23a76","Ubuntu",137,61,3633,"Bermuda","Ronald Anderson","Google Cloud Platform","Stopped","2023-05-03 03:27:01.000","{""costCenter"":431,""instanceId"":""a4a-70-252d8506e9917b5"",""name"":""understand""}"
"21ea09b7-8720-4e4c-98c3-8b8a9c1f581d","Debian",24,7,2308,"Nauru","Karen Brown","Google Cloud Platform","Running","2023-05-09 11:46:07.000","{""costCenter"":355,""instanceId"":""ef0-05-88a07894d61df1e"",""name"":""bit""}"
"224e2aa5-1ab2-4cdb-94ef-092955a2fb3d","CentOS",36,2,2616,"Macedonia","Devin Brown","Google Cloud Platform","Paused","2023-05-08 16:05:17.000","{""costCenter"":900,""instanceId"":""8c4-7a-1c5abd7e00e7066"",""name"":""your""}"
"22848f8b-cd2d-4a73-a10f-ac4839c842e1","Red Hat Enterprise Linux",236,15,1321,"Afghanistan","Ray Shaffer","Amazon Web Services","Stopped","2023-05-02 13:56:06.000","{""costCenter"":665,""instanceId"":""i-d1c47f65"",""name"":""over""}"
"22a7b984-b55a-4af7-9025-e3c627b2702b","CentOS",163,32,2801,"Togo","Mary Martin","Google Cloud Platform","Paused","2023-05-06 11:51:13.000","{""costCenter"":878,""instanceId"":""033-9a-b5acd7929b130e5"",""name"":""under""}"
"22d95b5b-d1b9-4536-a07b-168ac564825a","CentOS",43,20,2728,"Niue","Jeffrey Fischer","Amazon Web Services","Paused","2023-05-03 23:27:11.000","{""costCenter"":916,""instanceId"":""i-0485072c"",""name"":""always""}"
"22edefd6-45f1-42a4-9a90-99adcb7dbaee","Red Hat Enterprise Linux",226,8,606,"Syrian Arab Republic","Alan Jackson","Google Cloud Platform","Running","2023-05-03 13:40:42.000","{""costCenter"":820,""instanceId"":""e4b-0c-445263858a7e847"",""name"":""plan""}"
"23544234-0c4f-46b6-8149-6e7c975fb946","Red Hat Enterprise Linux",199,14,1318,"Faroe Islands","Jessica Howard","Microsoft Azure","Stopped","2023-05-07 10:00:31.000","{""costCenter"":821,""instanceId"":""i-d6c5b2-8b1df-dc1af"",""name"":""hit""}"
"23ab26f0-8bdd-4582-83f1-f5abcb4fbbc0","CentOS",4,21,2561,"Bahamas","Crystal Wilson","Google Cloud Platform","Stopped","2023-05-01 22:40:16.000","{""costCenter"":392,""instanceId"":""91d-72-308f0c689d69c56"",""name"":""front""}"
"23c60bd1-5a6e-496d-9ca5-c76f5d80614a","Ubuntu",122,40,553,"Austria","Douglas Adams","Amazon Web Services","Stopped","2023-05-03 20:36:44.000","{""costCenter"":898,""instanceId"":""i-c6d64c84"",""name"":""eye""}"
"2421f6cd-44ee-4136-99d9-9ca4e8120aac","Red Hat Enterprise Linux",22,32,1075,"Tunisia","Philip Henderson","Microsoft Azure","Paused","2023-05-04 05:24:38.000","{""costCenter"":330,""instanceId"":""i-b7cd47-72d28-61249"",""name"":""fly""}"
"24d21e87-e459-4bfd-b90e-150aeb7eeae4","Debian",10,40,2294,"Japan","Cheryl Jones","Google Cloud Platform","Paused","2023-05-06 01:55:08.000","{""costCenter"":770,""instanceId"":""60e-2b-23aa496dd2314ef"",""name"":""thing""}"
"24d4807c-72b3-4b6f-81a9-4ed07aef1a40","CentOS",87,13,3315,"Mexico","Gabriel Jones","Amazon Web Services","Running","2023-05-02 21:14:16.000","{""costCenter"":736,""instanceId"":""i-8d157997"",""name"":""share""}"
"2505f0af-2044-4a57-9b46-aa61be6bc499","Debian",19,62,3346,"New Zealand","Zachary West","Microsoft Azure","Stopped","2023-05-09 13:57:52.000","{""costCenter"":640,""instanceId"":""i-3d83fe-79c9c-f1658"",""name"":""western""}"
"2539e00a-d584-43b0-beb9-f27d99a2280c","Debian",232,30,2669,"Andorra","Summer Holmes","Microsoft Azure","Running","2023-05-08 06:03:58.000","{""costCenter"":829,""instanceId"":""i-d86f8d-6127f-65701"",""name"":""most""}"
"255dc911-7dd7-48c8-9db5-b36fdde348f0","Windows Server",36,26,3349,"Nicaragua","Michael Price","Google Cloud Platform","Paused","2023-05-03 04:01:58.000","{""costCenter"":270,""instanceId"":""e95-e6-ec0aa3326c3edda"",""name"":""work""}"
"25960cd0-de05-4f95-af4c-57d032d410f7","CentOS",162,54,31,"Switzerland","Ann Torres","Google Cloud Platform","Stopped","2023-05-03 06:25:39.000","{""costCenter"":696,""instanceId"":""5e9-01-2f24c412b4fe8b8"",""name"":""next""}"
"25c853a8-30af-450b-be52-8421142a619c","Red Hat Enterprise Linux",69,53,3953,"Tanzania","Tracy Ponce MD","Google Cloud Platform","Paused","2023-05-03 11:14:37.000","{""costCenter"":860,""instanceId"":""c66-62-3daeda70b7f5883"",""name"":""part""}"
"2611808f-1ef3-4641-9afa-491424d9ca6d","Ubuntu",216,55,2840,"Cocos (Keeling) Islands","Brianna Bailey","Google Cloud Platform","Stopped","2023-05-03 04:08:13.000","{""costCenter"":550,""instanceId"":""dd8-1c-3707b5b825d1296"",""name"":""song""}"
"267aa5a1-9892-40ae-9b51-827033e22098","Red Hat Enterprise Linux",117,3,2618,"Norfolk Island","Shannon Shaffer","Amazon Web Services","Stopped","2023-05-04 03:35:58.000","{""costCenter"":523,""instanceId"":""i-25d49b13"",""name"":""act""}"
"267ab931-9ac0-4dad-a5ce-a6dd98fbd813","Red Hat Enterprise Linux",113,10,3590,"Kyrgyz Republic","Kathleen Cox","Microsoft Azure","Paused","2023-05-07 12:17:22.000","{""costCenter"":303,""instanceId"":""i-0f2e02-deee5-ca0b4"",""name"":""no""}"
"274da295-e708-4a74-ac56-5e698135bfb1","Ubuntu",103,54,3164,"Luxembourg","Jennifer Mcintosh","Microsoft Azure","Paused","2023-05-04 14:36:13.000","{""costCenter"":694,""instanceId"":""i-edcdae-a3627-7fcab"",""name"":""agree""}"
"27a6ea46-0149-4c6e-83b0-4f90f02ee78f","Windows Server",252,46,1967,"Cuba","Sara Mccoy","Microsoft Azure","Paused","2023-05-09 06:41:35.000","{""costCenter"":424,""instanceId"":""i-cfe4b9-e02ad-7ddd8"",""name"":""society""}"
"27bf0f08-09c1-40f1-97bf-73e684db093a","Debian",7,1,2813,"Saint Pierre and Miquelon","Kenneth Phillips","Amazon Web Services","Paused","2023-05-06 14:50:19.000","{""costCenter"":538,""instanceId"":""i-92bd94c9"",""name"":""across""}"
"28375379-8e66-457b-9b0d-acb3c10f0b25","Debian",232,4,2751,"Cook Islands","Adam Martinez","Amazon Web Services","Running","2023-05-03 18:25:19.000","{""costCenter"":305,""instanceId"":""i-ef23f9ed"",""name"":""when""}"
"283c07d3-dcf3-4572-a5b6-e49cbfe9dd03","CentOS",155,53,1536,"Chile","Steven Kelly","Amazon Web Services","Running","2023-05-05 12:18:30.000","{""costCenter"":674,""instanceId"":""i-7f677c33"",""name"":""total""}"
"285eb084-5837-4203-b977-2bee9fb75cef","Windows Server",51,55,4055,"Niger","Jennifer Cantu","Amazon Web Services","Stopped","2023-05-06 15:51:18.000","{""costCenter"":533,""instanceId"":""i-33f99df2"",""name"":""wide""}"
"28b37200-fcbb-42d5-bfc4-c1b8caa71e9a","CentOS",105,63,485,"Bhutan","John Boone","Amazon Web Services","Paused","2023-05-06 19:45:51.000","{""costCenter"":945,""instanceId"":""i-cced2b1f"",""name"":""thank""}"
"290585d8-8e15-40f8-ad9d-3261f9c04661","Debian",30,54,101,"Seychelles","Barbara Walker","Google Cloud Platform","Stopped","2023-05-04 15:52:13.000","{""costCenter"":891,""instanceId"":""8d3-a2-540a9b3ae4922a4"",""name"":""surface""}"
"2a1fa4f9-7dbd-4e78-9063-464a3e1071e8","Debian",237,23,3537,"Grenada","Lori Giles","Amazon Web Services","Stopped","2023-05-06 19:50:38.000","{""costCenter"":225,""instanceId"":""i-2f4df59e"",""name"":""I""}"
"2a24595a-a923-4bc1-817b-7519aa4fab60","Red Hat Enterprise Linux",53,39,688,"Mauritius","Cynthia Young","Google Cloud Platform","Running","2023-05-06 05:34:38.000","{""costCenter"":764,""instanceId"":""bb2-5e-dfbc8102c835d42"",""name"":""half""}"
"2a355773-f8c7-4cf9-af36-4427f6318ef2","Debian",252,1,1255,"Antigua and Barbuda","Brian Burgess","Amazon Web Services","Running","2023-05-04 17:19:09.000","{""costCenter"":237,""instanceId"":""i-2b9e463a"",""name"":""scientist""}"
"2aef7cff-7493-4c8c-8931-fae97cbafd6a","Debian",61,11,2091,"Gibraltar","Destiny Terry","Microsoft Azure","Stopped","2023-05-02 15:38:35.000","{""costCenter"":538,""instanceId"":""i-b2bda2-9e996-2e48c"",""name"":""much""}"
"2b29fbf0-3d8e-4254-8a16-854ab6e5d2db","CentOS",10,33,2983,"Portugal","Ariel Taylor","Google Cloud Platform","Paused","2023-05-08 18:40:37.000","{""costCenter"":608,""instanceId"":""99e-19-8f60730d34443c4"",""name"":""hair""}"
"2b328c26-c021-495f-b218-39abb6f1e9d9","Debian",168,8,1622,"Cameroon","Jennifer Tate","Amazon Web Services","Paused","2023-05-08 20:55:08.000","{""costCenter"":203,""instanceId"":""i-89761d19"",""name"":""across""}"
"2b348cad-37b1-408c-9a9e-1e3dce662e1a","Debian",23,17,1683,"Togo","Christopher Walters","Google Cloud Platform","Running","2023-05-03 19:57:43.000","{""costCenter"":742,""instanceId"":""71b-1a-1369b3be9b9ca15"",""name"":""nation""}"
"2b978f59-67e9-4a33-953d-717eb6faaab6","Ubuntu",88,9,3295,"Israel","Cynthia Salas","Amazon Web Services","Running","2023-05-05 01:29:42.000","{""costCenter"":730,""instanceId"":""i-a8ec5dfd"",""name"":""notice""}"
"2b9d9469-1390-4740-9e52-11294148201f","Ubuntu",207,33,675,"Saint Vincent and the Grenadines","Cassie Graham","Amazon Web Services","Stopped","2023-05-06 13:54:06.000","{""costCenter"":999,""instanceId"":""i-34c23754"",""name"":""total""}"
"2c04782d-4cd7-4997-bdf2-fbcbb03b347e","Debian",21,17,829,"Andorra","Cheryl Melton","Microsoft Azure","Running","2023-05-07 10:52:02.000","{""costCenter"":375,""instanceId"":""i-f15e01-d3d04-ef90a"",""name"":""wear""}"
"2c2221ff-66d0-49a8-b127-8b7f96579119","Debian",220,17,84,"Iceland","Brett Mcdonald","Amazon Web Services","Stopped","2023-05-06 18:51:18.000","{""costCenter"":838,""instanceId"":""i-c3d2543d"",""name"":""everything""}"
"2c7d5095-1425-4e03-923b-a7d4deb3b2c8","Ubuntu",114,9,3158,"Kyrgyz Republic","Cassandra Smith","Google Cloud Platform","Stopped","2023-05-09 08:52:31.000","{""costCenter"":559,""instanceId"":""2e5-c3-90a93705687d868"",""name"":""others""}"
"2ceda98d-91ca-45ec-a7a5-b21aadeac270","Red Hat Enterprise Linux",256,49,3485,"Afghanistan","Leslie Mcpherson","Microsoft Azure","Paused","2023-05-02 17:03:21.000","{""costCenter"":269,""instanceId"":""i-a75598-eaa66-0ba06"",""name"":""couple""}"
"2cf402fb-e77e-4d78-ab09-a0c1ea1bfa45","Ubuntu",185,30,1540,"us-gov-east-1","Umair Ali","Amazon Web Services","Running","2023-05-07 23:26:53.000","{""costCenter"":917,""instanceId"":""i-b09d51d5"",""name"":""blackops-2""}"
"2da56568-9ce1-4e5a-b3dc-4381374ca215","Debian",226,44,461,"Saint Lucia","Laurie Perkins","Google Cloud Platform","Stopped","2023-05-06 23:51:03.000","{""costCenter"":999,""instanceId"":""9a3-fe-a1884bae353eaa8"",""name"":""call""}"
"2da783ba-2265-45e4-81a8-15696328ec50","Ubuntu",196,16,2688,"Niger","Peter Brown","Microsoft Azure","Running","2023-05-06 10:43:34.000","{""costCenter"":540,""instanceId"":""i-68fa38-03cfe-8cef6"",""name"":""movie""}"
"2e31d6ff-edaa-485b-94e7-5573aef2474b","Debian",220,56,2429,"New Zealand","Elizabeth Knight","Google Cloud Platform","Paused","2023-05-04 00:32:22.000","{""costCenter"":958,""instanceId"":""99c-a7-abddd61b40ae9b1"",""name"":""base""}"
"2e69fac7-38bf-4679-9a69-7d856e07f9a1","Ubuntu",83,40,1307,"Cape Verde","Sarah Davenport","Google Cloud Platform","Stopped","2023-05-05 10:04:34.000","{""costCenter"":560,""instanceId"":""b96-a6-a2f4f39fa833517"",""name"":""box""}"
"2e76d27c-bcd6-457a-a9fe-093d8390266a","CentOS",253,52,1546,"Holy See (Vatican City State)","Janice Martin","Google Cloud Platform","Running","2023-05-01 16:00:47.000","{""costCenter"":528,""instanceId"":""4f5-2e-7f10bb1e84701fd"",""name"":""ten""}"
"2e890060-ec72-4a91-9b86-cef2c5c645c9","CentOS",96,43,3059,"Congo","Michelle Kennedy","Amazon Web Services","Running","2023-05-02 00:38:38.000","{""costCenter"":367,""instanceId"":""i-ee80aef3"",""name"":""until""}"
"2edd8dad-0771-4d47-bc22-09dc78494b7f","Red Hat Enterprise Linux",124,43,2482,"South Africa","Angela Delacruz","Google Cloud Platform","Running","2023-05-01 23:51:53.000","{""costCenter"":443,""instanceId"":""de0-10-e7820fcd421adb6"",""name"":""drug""}"
"2f2b5f2b-5f87-4b90-8f8b-5be1b8193ee5","Red Hat Enterprise Linux",10,39,3729,"Saint Barthelemy","Jessica Ewing","Amazon Web Services","Running","2023-05-07 08:24:21.000","{""costCenter"":130,""instanceId"":""i-6e40d0a9"",""name"":""key""}"
"2f8c8e12-aeed-4154-a75d-b3ca2e193b78","Ubuntu",77,39,2872,"New Zealand","Roy Carter","Microsoft Azure","Running","2023-05-05 18:14:37.000","{""costCenter"":202,""instanceId"":""i-5dd59c-5ddea-979e1"",""name"":""public""}"
"2fddf799-bb30-4f2c-b0a9-2489fe098cac","CentOS",226,27,2837,"Burkina Faso","Steven Andrews","Google Cloud Platform","Running","2023-05-08 19:07:05.000","{""costCenter"":426,""instanceId"":""5e3-19-1b42d63118214cf"",""name"":""identify""}"
"2ffa23cd-1893-4cd6-bd96-ad036db3f122","CentOS",247,28,2590,"Thailand","Alyssa Ibarra","Amazon Web Services","Stopped","2023-05-07 04:17:41.000","{""costCenter"":355,""instanceId"":""i-8944255f"",""name"":""spring""}"
"306a53c5-5828-41f7-b8f3-7de4ccc1e1f2","CentOS",140,41,1036,"Central African Republic","Carl Lewis","Google Cloud Platform","Paused","2023-05-05 06:31:16.000","{""costCenter"":956,""instanceId"":""8be-9b-2f959fe5f25b2cd"",""name"":""until""}"
"30e4c174-fbcb-47d3-8087-eea6a8bbaba7","CentOS",246,12,3964,"Aruba","William Torres","Google Cloud Platform","Running","2023-05-08 03:10:33.000","{""costCenter"":370,""instanceId"":""e68-a1-c11dc2e21798685"",""name"":""arm""}"
"31cf820e-5757-42b8-a86e-37031d01fcc1","Ubuntu",41,31,2480,"Maldives","Logan Nguyen","Amazon Web Services","Stopped","2023-05-02 03:10:29.000","{""costCenter"":294,""instanceId"":""i-170d2b46"",""name"":""daughter""}"
"31fb84b9-f0ee-4ec6-9050-a09509a7c7d5","CentOS",224,2,210,"Latvia","Michael Howard","Google Cloud Platform","Stopped","2023-05-04 10:27:56.000","{""costCenter"":698,""instanceId"":""d60-cf-752e3c9c4f68746"",""name"":""feeling""}"
"32abafe2-ad37-4c8e-8bbf-e237ab95bf3d","Ubuntu",246,35,73,"Jersey","Philip Baker","Google Cloud Platform","Paused","2023-05-02 23:37:07.000","{""costCenter"":621,""instanceId"":""8fc-e0-b2719bbbde6dab2"",""name"":""trouble""}"
"32dbf383-1990-426f-bc3f-d381952a2a2e","CentOS",178,20,2506,"Bahrain","Mrs. Julie Carey MD","Google Cloud Platform","Stopped","2023-05-06 05:25:35.000","{""costCenter"":993,""instanceId"":""be5-5a-1ae17fd228aa307"",""name"":""walk""}"
"332789bd-cd48-447c-b049-ca8e971a5ba4","Ubuntu",55,27,3465,"Sri Lanka","Collin Anderson DDS","Amazon Web Services","Running","2023-05-05 14:35:47.000","{""costCenter"":571,""instanceId"":""i-763cdccb"",""name"":""moment""}"
"3336435b-a0dc-42d8-9119-8900ac9e76a5","Red Hat Enterprise Linux",114,29,1638,"Macao","Bobby Gonzalez","Microsoft Azure","Stopped","2023-05-06 03:25:28.000","{""costCenter"":505,""instanceId"":""i-6466a8-55738-ca93a"",""name"":""glass""}"
"33dcb0ba-25ce-417a-b1ba-162e783c4ef9","Debian",24,50,2855,"Cote d'Ivoire","Darin Armstrong","Google Cloud Platform","Paused","2023-05-05 00:17:44.000","{""costCenter"":810,""instanceId"":""d6b-d0-3fc37220028c70c"",""name"":""way""}"
"33e28834-2de3-4b3a-9b00-6edbc1f24887","Red Hat Enterprise Linux",19,19,3074,"Kuwait","Barbara Leonard","Amazon Web Services","Running","2023-05-09 10:24:20.000","{""costCenter"":956,""instanceId"":""i-50413c6f"",""name"":""whole""}"
"341d2e2a-368a-402d-9970-58c7bd3a3aff","Ubuntu",214,36,723,"Namibia","Cassandra Smith","Google Cloud Platform","Paused","2023-05-02 08:40:52.000","{""costCenter"":919,""instanceId"":""373-d5-09c4e6910beff69"",""name"":""something""}"
"34384954-eb6b-49ad-a565-c7627b8fcf65","Ubuntu",136,57,874,"New Zealand","Kelly Rivera","Amazon Web Services","Stopped","2023-05-07 13:42:14.000","{""costCenter"":789,""instanceId"":""i-9b585c64"",""name"":""perhaps""}"
"34747f7e-241b-4f5b-950f-1fa7d7b42eb0","Windows Server",46,61,142,"Zambia","Eric Johnson","Microsoft Azure","Stopped","2023-05-08 03:07:01.000","{""costCenter"":871,""instanceId"":""i-9a9536-b5fc8-4ec2a"",""name"":""work""}"
"351be262-2613-4dfe-a0f5-5bace0464158","CentOS",199,48,468,"Liberia","Micheal Scott","Microsoft Azure","Paused","2023-05-09 14:43:44.000","{""costCenter"":396,""instanceId"":""i-3a3cc6-328c5-3c02f"",""name"":""wife""}"
"3521dcab-1835-4490-b4e3-6a9f72607d3e","CentOS",197,34,1588,"United States of America","Brenda Peterson","Amazon Web Services","Running","2023-05-05 23:22:28.000","{""costCenter"":310,""instanceId"":""i-729da3b2"",""name"":""cut""}"
"3551ecf6-2b1f-4961-adf3-9f42ba8e176c","Windows Server",60,10,3731,"Guernsey","Katherine Burgess","Microsoft Azure","Stopped","2023-05-03 21:33:47.000","{""costCenter"":128,""instanceId"":""i-3357a9-176b4-0e107"",""name"":""table""}"
"35b3c676-b724-499e-8986-5c17f43c634e","Red Hat Enterprise Linux",62,10,1553,"Burundi","Christine Jackson","Google Cloud Platform","Paused","2023-05-05 21:46:23.000","{""costCenter"":637,""instanceId"":""000-47-3fc5d6e6a078e8f"",""name"":""money""}"
"35feba10-f539-4693-a877-faf2398227cc","Red Hat Enterprise Linux",194,19,1043,"Niger","Jonathan Burns","Google Cloud Platform","Paused","2023-05-05 07:05:01.000","{""costCenter"":847,""instanceId"":""607-71-baf517dfc2c7a32"",""name"":""memory""}"
"3628e93e-6ee4-482e-8a58-12e4d5fb0fb2","CentOS",34,59,424,"Belarus","Eugene Jones","Amazon Web Services","Running","2023-05-05 16:16:44.000","{""costCenter"":479,""instanceId"":""i-c48ccfbe"",""name"":""administration""}"
"36624248-7a8c-4b74-a2d2-964454fa1cb2","Windows Server",197,35,1497,"Northern Mariana Islands","Christopher Gutierrez","Google Cloud Platform","Stopped","2023-05-02 10:42:30.000","{""costCenter"":843,""instanceId"":""8ba-55-22b00c4e71055b6"",""name"":""camera""}"
"36745b92-35ac-407c-9736-a49a8f07dd14","CentOS",96,24,1297,"Holy See (Vatican City State)","Pamela Reynolds","Google Cloud Platform","Stopped","2023-05-09 10:00:21.000","{""costCenter"":258,""instanceId"":""e95-37-18642ba8e2c1587"",""name"":""very""}"
"36bdd99b-953f-42e8-a37d-1d299d6e9cbc","CentOS",86,15,3753,"Bolivia","Jose Hensley","Microsoft Azure","Running","2023-05-06 10:54:10.000","{""costCenter"":882,""instanceId"":""i-f08084-e4f7f-b5160"",""name"":""west""}"
"37955cbb-0f0d-489a-8a32-f8ebca6f14c9","CentOS",155,61,1168,"Palestinian Territory","Andrea Farmer","Google Cloud Platform","Stopped","2023-05-01 08:18:17.000","{""costCenter"":693,""instanceId"":""80e-a9-981bf9457adc895"",""name"":""hand""}"
"381b3faf-9620-4e41-a03c-59d8e7d4eb49","Debian",239,43,1276,"Palau","Amber Vasquez","Microsoft Azure","Stopped","2023-05-02 19:02:51.000","{""costCenter"":397,""instanceId"":""i-c4e82f-c2d3a-e1e11"",""name"":""act""}"
"384f24d9-0cc3-48ba-8244-2da9255daba8","Debian",80,51,2791,"Cayman Islands","Joyce Hanson","Microsoft Azure","Running","2023-05-07 09:50:07.000","{""costCenter"":344,""instanceId"":""i-eea31c-524b8-ea4bd"",""name"":""school""}"
"38512405-3afd-4360-a110-4655f4bd5f57","Red Hat Enterprise Linux",251,41,2171,"Bermuda","Melissa Miller","Amazon Web Services","Paused","2023-05-08 04:48:27.000","{""costCenter"":421,""instanceId"":""i-174e6bfa"",""name"":""camera""}"
"387e5c1d-1e0f-4fd9-97cb-70a2c0edd808","Windows Server",65,12,310,"Guam","Willie Randolph","Microsoft Azure","Running","2023-05-03 10:58:49.000","{""costCenter"":262,""instanceId"":""i-7e0d21-d8cc2-0a72e"",""name"":""form""}"
"3887dcb6-e2b2-4c5f-adbb-30977a227fe2","Red Hat Enterprise Linux",105,63,1491,"Belgium","Gregory Cox","Amazon Web Services","Stopped","2023-05-08 17:12:28.000","{""costCenter"":225,""instanceId"":""i-ccacad1e"",""name"":""president""}"
"38c403b3-fd9e-472a-a75c-885f1884fff3","Red Hat Enterprise Linux",249,46,2334,"United States Minor Outlying Islands","Brenda Sparks","Microsoft Azure","Paused","2023-05-07 17:43:34.000","{""costCenter"":312,""instanceId"":""i-d07f7c-3ac11-912c5"",""name"":""big""}"
"38ddb114-77ac-4751-98a6-423ffda54e6a","Debian",115,4,2350,"Italy","Reginald Parker","Amazon Web Services","Stopped","2023-05-07 11:49:09.000","{""costCenter"":200,""instanceId"":""i-c5cb3815"",""name"":""decide""}"
"3abfccf2-2a00-44c7-8ae9-8185ace0c921","Debian",102,31,3925,"Northern Mariana Islands","Steven King","Google Cloud Platform","Running","2023-05-01 03:30:45.000","{""costCenter"":105,""instanceId"":""dde-0c-a249bee79a602c1"",""name"":""model""}"
"3adfe475-43a1-4c4d-b426-5b744e62a87b","Debian",13,51,3031,"Algeria","Amanda Robinson","Google Cloud Platform","Paused","2023-05-02 22:47:47.000","{""costCenter"":101,""instanceId"":""e64-49-49286c03416ce41"",""name"":""guess""}"
"3d016314-55f2-44f8-b43e-b3ad4473a178","Ubuntu",201,62,3353,"Bolivia","Christopher Clark","Amazon Web Services","Stopped","2023-05-02 20:10:45.000","{""costCenter"":664,""instanceId"":""i-34f41fd6"",""name"":""whatever""}"
"3d4868ed-2493-4322-a1d5-4a9755b083a4","Windows Server",54,8,2779,"Niue","Cindy Matthews","Google Cloud Platform","Stopped","2023-05-05 14:01:40.000","{""costCenter"":152,""instanceId"":""061-d9-d9a072afc71728a"",""name"":""ability""}"
"3ded85cd-a2f1-4e05-a6e0-c1ccf197b2f1","Red Hat Enterprise Linux",154,39,3625,"Solomon Islands","Michael Kane","Google Cloud Platform","Stopped","2023-05-06 13:57:05.000","{""costCenter"":982,""instanceId"":""0a2-92-6acb348457bb6c4"",""name"":""local""}"
"3e0e5270-651a-48b6-ac7f-158648ab70e7","Debian",32,7,2247,"Algeria","Craig Harris","Microsoft Azure","Stopped","2023-05-05 08:33:39.000","{""costCenter"":708,""instanceId"":""i-bb2ef0-33cf5-60894"",""name"":""field""}"
"3f4121be-e586-4d05-8fb5-d765c0af02a2","CentOS",72,38,1519,"Sao Tome and Principe","David Le","Google Cloud Platform","Running","2023-05-09 11:50:07.000","{""costCenter"":820,""instanceId"":""496-55-27e09e5be4e7ca0"",""name"":""choose""}"
"3f90feaf-3904-4587-b3cc-89d7d1480b43","CentOS",194,35,2868,"South Georgia and the South Sandwich Islands","Jonathan Reed","Microsoft Azure","Paused","2023-05-03 21:54:34.000","{""costCenter"":125,""instanceId"":""i-55d03e-d2b2d-85f69"",""name"":""sell""}"
"3fe2ffaa-7e35-453f-a6d7-f147bdbd3f99","Debian",183,17,2613,"Zimbabwe","Megan Robertson","Amazon Web Services","Stopped","2023-05-02 23:47:25.000","{""costCenter"":345,""instanceId"":""i-370b17eb"",""name"":""each""}"
"40284a9d-8b1f-4a0b-ae9a-9556274f0dc5","Windows Server",201,59,508,"Turkey","Desiree Obrien","Microsoft Azure","Paused","2023-05-03 07:47:47.000","{""costCenter"":707,""instanceId"":""i-307b0c-30d18-40807"",""name"":""board""}"
"40f9e703-7464-465d-aa6b-f3e44f70186b","CentOS",208,56,3396,"Iran","George Hanson","Amazon Web Services","Paused","2023-05-02 05:16:18.000","{""costCenter"":756,""instanceId"":""i-e5f8693b"",""name"":""series""}"
"42115c3c-42d8-4251-abfb-61b65446fd62","Ubuntu",129,44,222,"Korea","Jessica Gonzalez","Microsoft Azure","Paused","2023-05-05 19:42:14.000","{""costCenter"":677,""instanceId"":""i-138cfa-11683-64186"",""name"":""interview""}"
"423fb1a2-ffa7-4f0f-a625-5280bfb457c8","Windows Server",132,53,1387,"French Guiana","Eric Smith","Google Cloud Platform","Paused","2023-05-01 03:48:54.000","{""costCenter"":559,""instanceId"":""cf8-82-17ce7ac68420984"",""name"":""loss""}"
"427fa846-ee85-436f-92cd-12a784ca60b8","CentOS",39,11,2621,"Venezuela","Tiffany Blankenship","Google Cloud Platform","Stopped","2023-05-07 03:01:41.000","{""costCenter"":686,""instanceId"":""0ae-86-132bbf88b83e728"",""name"":""risk""}"
"433c1b01-92ec-421c-9e53-64a1cd4059c1","Windows Server",98,26,3614,"Estonia","Jeffrey Davis","Amazon Web Services","Paused","2023-05-02 02:00:48.000","{""costCenter"":437,""instanceId"":""i-9af317cb"",""name"":""machine""}"
"435382ca-3cd1-44f7-ac9f-43c594b2d3a8","Debian",245,46,1313,"Maldives","Cameron Mccarty","Amazon Web Services","Stopped","2023-05-04 12:05:58.000","{""costCenter"":821,""instanceId"":""i-2f0d6244"",""name"":""happen""}"
"436c999e-32aa-43a3-922b-c3e39ca98c71","CentOS",26,27,38,"Vanuatu","Brian Rodriguez","Microsoft Azure","Running","2023-05-02 07:49:54.000","{""costCenter"":715,""instanceId"":""i-84e03f-6c2e0-4fcba"",""name"":""best""}"
"438c1a9d-c9f6-420c-8294-dc3cb0a665a1","Debian",188,10,4044,"Heard Island and McDonald Islands","Benjamin Mejia","Amazon Web Services","Stopped","2023-05-08 23:09:45.000","{""costCenter"":769,""instanceId"":""i-036dd9b4"",""name"":""simple""}"
"43d5e0c0-b3e1-49bc-9484-6fbcfbd18a7f","Windows Server",165,1,2249,"Lao People's Democratic Republic","Stephanie Gomez","Amazon Web Services","Running","2023-05-06 10:08:15.000","{""costCenter"":735,""instanceId"":""i-6861961e"",""name"":""themselves""}"
"4457b7e4-8bc4-47a9-b70d-7410eb0511e5","Windows Server",209,41,3162,"Kuwait","Thomas Patterson","Google Cloud Platform","Running","2023-05-06 15:48:44.000","{""costCenter"":382,""instanceId"":""ba7-3a-e72b393d6e0cd28"",""name"":""ago""}"
"4480d955-35ee-433c-8c43-3508ef64b350","Windows Server",33,19,3688,"Mongolia","Steven Scott","Google Cloud Platform","Paused","2023-05-09 02:15:00.000","{""costCenter"":525,""instanceId"":""b8c-20-78126ed3c64c37c"",""name"":""yourself""}"
"44d677cb-0387-49b8-b492-59951de24831","Windows Server",165,11,760,"Iceland","Zachary Miller","Microsoft Azure","Running","2023-05-01 08:33:33.000","{""costCenter"":649,""instanceId"":""i-2da1eb-4f40e-4187f"",""name"":""until""}"
"44e0a147-2635-40b3-9b16-ae21ecf3000f","Debian",198,34,201,"Turkmenistan","Patrick Brown","Google Cloud Platform","Stopped","2023-05-06 12:47:21.000","{""costCenter"":109,""instanceId"":""09a-67-668fe3777456d1e"",""name"":""almost""}"
"450972b2-2142-4b78-899b-41586858cd8a","Ubuntu",146,14,1860,"Indonesia","Benjamin Carroll","Microsoft Azure","Stopped","2023-05-04 17:20:32.000","{""costCenter"":485,""instanceId"":""i-0d31eb-5147b-0850a"",""name"":""best""}"
"451a08c7-1c77-4d1f-b180-8bf2fa137a11","CentOS",233,16,1816,"Sudan","Charles Ramos","Amazon Web Services","Stopped","2023-05-08 18:48:16.000","{""costCenter"":531,""instanceId"":""i-47d8680c"",""name"":""reality""}"
"4534da65-a126-4d6c-864e-ec8eaeb88ab7","CentOS",185,13,858,"Jersey","Micheal Yates","Google Cloud Platform","Paused","2023-05-03 15:39:19.000","{""costCenter"":917,""instanceId"":""944-78-2746705164fe791"",""name"":""shoulder""}"
"456f1953-67f0-4cb9-9587-d1f4ce484616","Windows Server",218,60,1347,"Guinea-Bissau","Richard Howard","Amazon Web Services","Paused","2023-05-06 18:24:54.000","{""costCenter"":741,""instanceId"":""i-4c449821"",""name"":""analysis""}"
"471042fd-a0cc-4da7-833e-4dc07733957d","Ubuntu",72,64,1359,"Yemen","Matthew Forbes","Amazon Web Services","Stopped","2023-05-02 23:41:56.000","{""costCenter"":987,""instanceId"":""i-d32282e3"",""name"":""economy""}"
"475a5bcd-40db-40d7-a5ec-d27d2f568cb4","Ubuntu",71,9,1262,"Cameroon","Alexander Mcmahon","Google Cloud Platform","Paused","2023-05-09 08:41:19.000","{""costCenter"":204,""instanceId"":""28a-52-d411f4889b5911a"",""name"":""later""}"
"478438c3-06a7-4a4e-9c8e-ec8c724c1968","Red Hat Enterprise Linux",51,53,3654,"Ghana","Joseph Taylor","Google Cloud Platform","Stopped","2023-05-07 08:20:59.000","{""costCenter"":391,""instanceId"":""368-72-e8794c7de274fb5"",""name"":""however""}"
"47e94a84-1ddb-4806-a41e-3389ab3ac23d","Ubuntu",145,2,2657,"Vietnam","Jillian Cruz","Microsoft Azure","Stopped","2023-05-08 23:38:38.000","{""costCenter"":594,""instanceId"":""i-9c5d06-9f844-f3f72"",""name"":""drug""}"
"48525416-a58b-417a-84c5-20e82030bf87","Red Hat Enterprise Linux",41,52,3410,"Iran","Tiffany Hughes","Microsoft Azure","Running","2023-05-01 00:04:16.000","{""costCenter"":889,""instanceId"":""i-6ad03b-82a34-c9d89"",""name"":""nothing""}"
"4862fa5d-0484-4d4f-8a1c-391c29adcfda","Ubuntu",119,51,3758,"Brazil","Sara Conner","Google Cloud Platform","Running","2023-05-02 01:24:34.000","{""costCenter"":507,""instanceId"":""81d-a9-00227fc54703b42"",""name"":""range""}"
"48aedd80-f532-4d56-88fd-5b68c93e7dba","Windows Server",81,12,2640,"Papua New Guinea","Mario Hernandez","Google Cloud Platform","Stopped","2023-05-07 12:55:12.000","{""costCenter"":674,""instanceId"":""763-5c-fbc53c931881672"",""name"":""place""}"
"48b79bd7-6f47-49df-8bca-bf711bbe889b","Ubuntu",44,25,1942,"Haiti","Sarah Walker","Amazon Web Services","Running","2023-05-09 04:09:03.000","{""costCenter"":795,""instanceId"":""i-815c50a7"",""name"":""either""}"
"48f5ace4-cc3b-459c-ba03-344ccd8ecfe6","Windows Server",103,37,1068,"Luxembourg","Deborah Moore","Google Cloud Platform","Stopped","2023-05-06 17:14:52.000","{""costCenter"":907,""instanceId"":""ec9-8d-fcb5ded3b3fe138"",""name"":""community""}"
"49423da4-49dd-4e6e-a840-569ad2eab4e6","Red Hat Enterprise Linux",242,25,2773,"Nigeria","Charles Thomas","Microsoft Azure","Paused","2023-05-07 13:38:03.000","{""costCenter"":882,""instanceId"":""i-bbdfaf-bcf94-35d61"",""name"":""trip""}"
"4980df15-0d47-4ecf-915a-f3b8daf6249a","Ubuntu",181,5,3221,"Peru","Chad Morales","Microsoft Azure","Stopped","2023-05-03 03:30:32.000","{""costCenter"":232,""instanceId"":""i-ca9a0b-0e11e-d7027"",""name"":""offer""}"
"49a6473f-38e6-4d49-b08b-23bfec966332","CentOS",71,12,642,"Ukraine","Ashley Anderson","Amazon Web Services","Stopped","2023-05-01 16:41:38.000","{""costCenter"":780,""instanceId"":""i-147297bf"",""name"":""message""}"
"49fdffb8-e746-4e2a-aa2d-a20d2026582b","Red Hat Enterprise Linux",246,42,1719,"Japan","Danielle Dixon","Microsoft Azure","Running","2023-05-02 09:56:26.000","{""costCenter"":220,""instanceId"":""i-0a2b26-6ccbe-0b1b9"",""name"":""certain""}"
"4a0a20ae-edf4-42dc-ae21-94f732a0d78e","Red Hat Enterprise Linux",226,60,1317,"Malta","Scott Lopez","Microsoft Azure","Stopped","2023-05-08 06:22:06.000","{""costCenter"":845,""instanceId"":""i-dc4f53-2a62d-8154f"",""name"":""than""}"
"4a43177e-5abc-4365-a4bd-04cdebe9f48e","Debian",17,9,57,"Maldives","Greg Miller","Microsoft Azure","Running","2023-05-07 11:23:09.000","{""costCenter"":222,""instanceId"":""i-1ab65c-5c726-a4f38"",""name"":""fire""}"
"4abb745c-0100-4e4a-8b2a-4ae3ce1592a9","Red Hat Enterprise Linux",8,7,3667,"Faroe Islands","Nancy Martinez","Amazon Web Services","Stopped","2023-05-07 08:36:12.000","{""costCenter"":574,""instanceId"":""i-61a0e882"",""name"":""material""}"
"4b2ab510-3f5c-46f4-85e3-9baabdee81ac","CentOS",100,22,3433,"Kazakhstan","Tina Ritter","Amazon Web Services","Running","2023-05-02 10:37:57.000","{""costCenter"":327,""instanceId"":""i-ec59631d"",""name"":""voice""}"
"4b539390-568c-4490-b56a-3971d30df740","Debian",156,44,469,"Malawi","Logan Davies","Amazon Web Services","Paused","2023-05-01 08:19:31.000","{""costCenter"":517,""instanceId"":""i-88fa8c01"",""name"":""either""}"
"4b5e02ca-1bb1-416d-b2a5-a6d2f205ad37","CentOS",23,46,1441,"Martinique","Claudia Larson","Amazon Web Services","Running","2023-05-08 01:03:09.000","{""costCenter"":798,""instanceId"":""i-5f06f38b"",""name"":""later""}"
"4b72bf71-187e-49d6-bf59-55a6018866b6","Windows Server",195,2,444,"United Kingdom","Patrick Gonzalez","Amazon Web Services","Running","2023-05-09 04:47:25.000","{""costCenter"":715,""instanceId"":""i-e6c01bbf"",""name"":""compare""}"
"4bab921e-b7bb-4f2c-b0cf-71e00faaa1c3","Debian",14,32,3221,"Togo","Courtney Davis","Amazon Web Services","Paused","2023-05-08 06:36:33.000","{""costCenter"":110,""instanceId"":""i-4036a7fc"",""name"":""long""}"
"4bd947b9-1781-46a8-878b-e699691bddb9","CentOS",34,52,905,"Nicaragua","Jordan Chavez","Google Cloud Platform","Stopped","2023-05-06 10:12:03.000","{""costCenter"":815,""instanceId"":""372-fa-ec154a59833990e"",""name"":""theory""}"
"4c142702-777a-44ed-bd33-aef7c73148a9","CentOS",150,15,2666,"Malta","Beverly Robles","Amazon Web Services","Stopped","2023-05-02 13:12:11.000","{""costCenter"":778,""instanceId"":""i-3c838276"",""name"":""visit""}"
"4c962e61-00d1-4af8-a2a5-0fd319109642","Ubuntu",202,36,2967,"British Virgin Islands","Jessica Schmidt","Google Cloud Platform","Paused","2023-05-02 10:52:15.000","{""costCenter"":451,""instanceId"":""393-0c-c048f23b70a4ff1"",""name"":""chance""}"
"4cae55f4-bf6b-4c6d-96f6-be01663be31a","Red Hat Enterprise Linux",21,32,1278,"United Kingdom","Nicole Jackson","Google Cloud Platform","Stopped","2023-05-04 19:19:56.000","{""costCenter"":707,""instanceId"":""3b3-48-b1e26900ec7d32b"",""name"":""keep""}"
"4ccbde46-5db5-4157-b4f2-f79c82604734","Windows Server",54,37,1015,"Ukraine","Jennifer Daniels","Amazon Web Services","Paused","2023-05-03 14:11:37.000","{""costCenter"":327,""instanceId"":""i-42049f35"",""name"":""exactly""}"
"4d099883-073c-4af1-a1ff-d3266c14a6a1","Debian",152,35,2550,"Faroe Islands","Keith Donovan","Microsoft Azure","Stopped","2023-05-08 03:50:14.000","{""costCenter"":522,""instanceId"":""i-cbc479-f5342-8b592"",""name"":""current""}"
"4d50786b-4555-4715-b180-441567119e24","Windows Server",41,56,3538,"Svalbard & Jan Mayen Islands","Victoria Lewis","Google Cloud Platform","Running","2023-05-02 11:27:37.000","{""costCenter"":151,""instanceId"":""1e6-22-706ac7ade0ece70"",""name"":""protect""}"
"4d6603ea-adfa-4ea3-86be-252c1258e0a3","CentOS",127,61,1322,"Bahrain","Patricia Wood","Amazon Web Services","Paused","2023-05-01 00:08:58.000","{""costCenter"":710,""instanceId"":""i-d27f1f26"",""name"":""he""}"
"4d668cfa-9fa5-4560-ba8d-d369b1322bfb","Red Hat Enterprise Linux",225,25,466,"Kazakhstan","Teresa Brown","Microsoft Azure","Stopped","2023-05-07 01:01:33.000","{""costCenter"":565,""instanceId"":""i-5e3c7b-a89c1-2381d"",""name"":""medical""}"
"4df71a83-aca4-439e-9048-ed1f7fea17fa","Windows Server",217,56,2694,"Pakistan","Holly Banks","Amazon Web Services","Running","2023-05-09 16:25:07.000","{""costCenter"":819,""instanceId"":""i-0a3dcc8b"",""name"":""middle""}"
"4eef04e7-4fcf-409f-bb04-fea6639bed41","Debian",211,31,2987,"Germany","Phillip Russell","Google Cloud Platform","Running","2023-05-03 16:48:27.000","{""costCenter"":955,""instanceId"":""0d8-06-d268690b1fa64c5"",""name"":""weight""}"
"4f16f48d-e012-4eb9-b3ae-1c55db3a6bc5","CentOS",239,22,1756,"Nepal","Stephanie Hopkins","Google Cloud Platform","Paused","2023-05-08 15:27:07.000","{""costCenter"":514,""instanceId"":""451-dc-05c1d2c7b39251c"",""name"":""opportunity""}"
"4f1cc3fc-01be-40b7-99c7-0afae39bee42","Red Hat Enterprise Linux",25,2,3511,"Kazakhstan","Glenn Miller","Microsoft Azure","Running","2023-05-02 13:28:02.000","{""costCenter"":470,""instanceId"":""i-065f9e-e793c-c898b"",""name"":""late""}"
"4f498b2e-9438-448a-a340-11dc18f39512","Ubuntu",29,51,785,"Sri Lanka","Jason Cuevas","Microsoft Azure","Paused","2023-05-06 02:02:30.000","{""costCenter"":616,""instanceId"":""i-f86f6d-23752-5e50b"",""name"":""economic""}"
"4f70169a-16b9-4de1-815f-ae14ac4ea21c","Ubuntu",109,49,491,"Norfolk Island","Megan Ray","Amazon Web Services","Paused","2023-05-05 01:00:21.000","{""costCenter"":733,""instanceId"":""i-a0812a3d"",""name"":""day""}"
"4fb29b32-62fe-4a20-bb7d-6aaf88876338","Windows Server",48,15,2657,"Sri Lanka","Kathryn Floyd","Google Cloud Platform","Running","2023-05-01 16:32:16.000","{""costCenter"":795,""instanceId"":""e77-a7-86bee8c11f54718"",""name"":""sit""}"
"4fd81e19-7370-474b-9a1b-11851c46a075","Red Hat Enterprise Linux",157,58,3853,"Monaco","Robert Jackson","Amazon Web Services","Running","2023-05-06 16:41:16.000","{""costCenter"":448,""instanceId"":""i-8a8c6ef0"",""name"":""though""}"
"51f9a85b-0650-4d7d-96f2-6646a005eb3e","Red Hat Enterprise Linux",195,13,112,"Lao People's Democratic Republic","Matthew Olson","Amazon Web Services","Running","2023-05-05 02:53:14.000","{""costCenter"":739,""instanceId"":""i-14d9a91c"",""name"":""most""}"
"52562f47-1d3c-40bc-a06b-131b5ea345d0","Red Hat Enterprise Linux",209,23,269,"Montserrat","William James","Amazon Web Services","Stopped","2023-05-01 12:19:41.000","{""costCenter"":224,""instanceId"":""i-6f465cb7"",""name"":""woman""}"
"52e78995-5700-4f49-a2bb-a6ce225112ea","CentOS",137,23,1056,"Papua New Guinea","Daniel Conway","Amazon Web Services","Paused","2023-05-04 12:59:00.000","{""costCenter"":783,""instanceId"":""i-d4f89e05"",""name"":""write""}"
"52f530af-e715-41b9-8f89-8eaeb28e5050","Ubuntu",192,26,1188,"Ireland","Jordan Joyce","Microsoft Azure","Running","2023-05-01 11:23:38.000","{""costCenter"":546,""instanceId"":""i-c072b8-9a4bd-756f8"",""name"":""plant""}"
"5325061d-02e6-4d5f-b071-59bc9a1fcbfc","Ubuntu",56,38,3352,"Taiwan","Cindy Ruiz","Microsoft Azure","Paused","2023-05-02 08:02:00.000","{""costCenter"":726,""instanceId"":""i-69546f-dd384-ec5f8"",""name"":""plan""}"
"535beb65-1be3-4100-aa0b-842866bc8c35","Red Hat Enterprise Linux",151,33,1236,"Cuba","Brandy Rich MD","Google Cloud Platform","Paused","2023-05-01 10:40:12.000","{""costCenter"":893,""instanceId"":""8b6-62-85d9fc7f66eb5d4"",""name"":""forget""}"
"537d78de-ed1f-48a6-a379-abb9b6a3693c","Debian",135,25,2801,"Hungary","Andrew Dennis","Microsoft Azure","Stopped","2023-05-02 04:48:22.000","{""costCenter"":193,""instanceId"":""i-bb8492-c4e0d-435d2"",""name"":""half""}"
"53d76cc2-1c7f-45c4-b78f-d565ffda4fc8","CentOS",112,49,2925,"Martinique","Darren Robinson","Microsoft Azure","Paused","2023-05-07 04:00:31.000","{""costCenter"":329,""instanceId"":""i-9e461f-fd235-bfcf9"",""name"":""drug""}"
"54081b28-4665-45d3-b9ae-736453147d1f","Ubuntu",56,10,1024,"us-east-1","Jonathan Sander","Amazon Web Services","Running","2023-05-07 23:25:52.000","{""costCenter"":294,""instanceId"":""i-b12d31f5"",""name"":""marvel-old""}"
"546f181c-7155-4b69-91ff-f3fffef2b19b","Red Hat Enterprise Linux",220,60,935,"Georgia","Felicia Frye","Microsoft Azure","Running","2023-05-04 10:38:06.000","{""costCenter"":107,""instanceId"":""i-8a5542-43bdc-d5f2e"",""name"":""somebody""}"
"55cb139a-b1e8-4ec7-a14a-a2e8efe8fccd","CentOS",52,38,3349,"Trinidad and Tobago","Joshua Shaw","Amazon Web Services","Stopped","2023-05-04 14:59:37.000","{""costCenter"":217,""instanceId"":""i-f180e731"",""name"":""air""}"
"56972e0b-d37d-4d12-bd31-02e3b4b9501a","Windows Server",139,27,2321,"Turkmenistan","Lisa Salas MD","Microsoft Azure","Stopped","2023-05-04 00:12:48.000","{""costCenter"":270,""instanceId"":""i-2e9678-e1b63-02614"",""name"":""never""}"
"56afd1ee-7caa-4c89-a799-1d65a56e366a","Windows Server",189,19,1771,"Latvia","Gregory Sharp","Google Cloud Platform","Stopped","2023-05-06 17:40:03.000","{""costCenter"":357,""instanceId"":""b87-1a-a623dc0633a89d0"",""name"":""answer""}"
"57097408-6674-45b0-8ddb-a06a588af696","Windows Server",2,36,649,"Vanuatu","Kristy Carter","Amazon Web Services","Stopped","2023-05-06 08:11:11.000","{""costCenter"":844,""instanceId"":""i-69136d67"",""name"":""product""}"
"572e822b-a60f-4c17-b8f6-45392112f492","CentOS",142,57,598,"India","Melissa Hodges","Google Cloud Platform","Stopped","2023-05-02 21:03:22.000","{""costCenter"":225,""instanceId"":""296-ec-ae6c2e1dca80a54"",""name"":""owner""}"
"57c437fa-63e1-441f-a32a-931a8cbf0c2a","Ubuntu",214,57,1163,"Cape Verde","Andrea Green DDS","Google Cloud Platform","Stopped","2023-05-01 07:49:38.000","{""costCenter"":515,""instanceId"":""750-c5-7036443de63b69d"",""name"":""room""}"
"57eea75a-8ba8-423d-a1e2-23383bad80e3","Debian",24,53,975,"Dominica","Steven Alvarez","Amazon Web Services","Paused","2023-05-01 00:59:08.000","{""costCenter"":536,""instanceId"":""i-6594ce48"",""name"":""suffer""}"
"57f80349-13bc-4b87-9b50-845894c621ad","CentOS",253,25,1188,"Maldives","Ryan Jackson","Google Cloud Platform","Stopped","2023-05-09 06:51:14.000","{""costCenter"":962,""instanceId"":""25b-34-7709db539c2beeb"",""name"":""machine""}"
"5861d269-61bb-41ef-b315-54e203487f19","Debian",171,21,3676,"Liechtenstein","Thomas Hines","Microsoft Azure","Paused","2023-05-09 16:22:12.000","{""costCenter"":362,""instanceId"":""i-a9fa92-43cd6-be7e3"",""name"":""citizen""}"
"588988d5-8b3a-4db0-8057-f692fec3f3e2","CentOS",83,10,1918,"Barbados","Daniel Travis","Google Cloud Platform","Stopped","2023-05-04 05:23:11.000","{""costCenter"":869,""instanceId"":""e97-3a-49b06bbc9380b97"",""name"":""visit""}"
"58e644dc-f198-4fb0-9b54-e2d202bb25d5","Red Hat Enterprise Linux",153,50,409,"Ukraine","Michele Rivera","Google Cloud Platform","Running","2023-05-03 19:58:35.000","{""costCenter"":110,""instanceId"":""63e-7d-644bb4571ee3da6"",""name"":""which""}"
"599ab1e3-2cae-42d9-bf57-900eda315a88","Ubuntu",98,24,1322,"Monaco","Susan Pope","Amazon Web Services","Paused","2023-05-09 07:37:52.000","{""costCenter"":947,""instanceId"":""i-e3792196"",""name"":""most""}"
"59c21715-77b6-4358-9876-c0e7e13a872a","Ubuntu",26,52,1914,"Bermuda","Cindy Lee","Google Cloud Platform","Running","2023-05-06 00:51:18.000","{""costCenter"":276,""instanceId"":""0f2-73-a55f9552d3eda0a"",""name"":""best""}"
"5a4d2db7-c263-4973-9659-142bf44fe93f","Red Hat Enterprise Linux",172,37,636,"Monaco","Justin Weaver","Microsoft Azure","Running","2023-05-02 01:20:52.000","{""costCenter"":611,""instanceId"":""i-09fc71-159b8-07826"",""name"":""wall""}"
"5a993fa8-9929-4607-9165-72fad1242dac","Red Hat Enterprise Linux",39,62,3319,"Albania","Nicolas Adkins","Amazon Web Services","Running","2023-05-02 05:21:16.000","{""costCenter"":177,""instanceId"":""i-a5cf5d21"",""name"":""believe""}"
"5ad4026f-b954-46df-870e-bf5e85ed96e2","Red Hat Enterprise Linux",157,26,2555,"Algeria","Courtney Thompson","Google Cloud Platform","Running","2023-05-08 10:29:31.000","{""costCenter"":111,""instanceId"":""eba-b6-e419753c759a687"",""name"":""not""}"
"5ae6dfaa-a3d4-4113-aa6c-f5e13e9af2db","CentOS",145,31,492,"Thailand","Ryan Mendoza","Google Cloud Platform","Running","2023-05-02 18:48:28.000","{""costCenter"":565,""instanceId"":""728-f6-2c5f77e150bdc6c"",""name"":""single""}"
"5b18f225-263b-4d6a-aef3-d4b3953a2b74","Red Hat Enterprise Linux",226,57,88,"Finland","Nicole Caldwell","Google Cloud Platform","Paused","2023-05-02 19:19:19.000","{""costCenter"":433,""instanceId"":""470-53-27bb483d35e7f96"",""name"":""likely""}"
"5b2fa079-e257-4d15-8842-a96a591a3db2","Ubuntu",6,14,927,"Croatia","Stacey Mitchell","Amazon Web Services","Paused","2023-05-06 08:21:20.000","{""costCenter"":560,""instanceId"":""i-3bfa5082"",""name"":""agree""}"
"5c2c6621-3e5e-4499-91a3-aa73cd08eba3","Debian",116,24,3850,"Czech Republic","Jason Morales","Microsoft Azure","Stopped","2023-05-03 01:48:18.000","{""costCenter"":166,""instanceId"":""i-5d8e27-d76d9-cfba1"",""name"":""represent""}"
"5c9ff568-9afb-4f72-9710-8e09610159f2","Windows Server",154,24,547,"Switzerland","Karen Collins","Microsoft Azure","Stopped","2023-05-05 16:01:44.000","{""costCenter"":332,""instanceId"":""i-a2bc17-8e8a4-0f024"",""name"":""thank""}"
"5d020807-b0c8-4d02-bb49-db35d021e751","Debian",174,13,960,"Djibouti","Nicholas Ramos","Microsoft Azure","Stopped","2023-05-02 20:26:21.000","{""costCenter"":482,""instanceId"":""i-019b3c-74294-04e0a"",""name"":""sister""}"
"5d0cbbaa-43de-43b1-b14a-9b628d064b45","Ubuntu",105,25,63,"Egypt","Jaime Fritz","Google Cloud Platform","Running","2023-05-03 13:00:09.000","{""costCenter"":669,""instanceId"":""8cf-cb-8fc9a4a6f3445b2"",""name"":""miss""}"
"5e430ce3-6981-4823-a5b7-74d12fac94ad","Debian",15,14,1016,"Burkina Faso","Beth Reynolds","Amazon Web Services","Running","2023-05-05 12:09:41.000","{""costCenter"":191,""instanceId"":""i-1a5ce053"",""name"":""sometimes""}"
"5e57fbe0-8a6d-4dda-beb2-4dc88a6e697a","Red Hat Enterprise Linux",168,11,1790,"Cameroon","Rebecca Wallace MD","Google Cloud Platform","Paused","2023-05-03 05:54:42.000","{""costCenter"":612,""instanceId"":""8c8-f8-21ea68d14e93fe6"",""name"":""young""}"
"5e660350-c369-4b53-9066-e4cf868253f9","Debian",124,28,112,"Isle of Man","Debra Clark","Microsoft Azure","Running","2023-05-05 03:36:45.000","{""costCenter"":387,""instanceId"":""i-86b7f2-5bfab-c6548"",""name"":""guy""}"
"5e683c12-e3c2-42c4-80e1-a1dbba751705","Debian",105,10,987,"Lesotho","Dana Pennington","Microsoft Azure","Stopped","2023-05-02 11:39:36.000","{""costCenter"":858,""instanceId"":""i-82c57f-7559e-170c5"",""name"":""picture""}"
"5e92b93c-c204-481f-893b-0726a3aa3320","Windows Server",36,60,2720,"Monaco","Miss Rhonda Miller MD","Amazon Web Services","Paused","2023-05-02 17:27:43.000","{""costCenter"":134,""instanceId"":""i-6e29046c"",""name"":""nation""}"
"5ec8de1d-886f-41a9-afc8-72ac17c22ce7","Red Hat Enterprise Linux",65,42,3205,"New Zealand","Travis Phillips","Amazon Web Services","Paused","2023-05-08 23:19:33.000","{""costCenter"":354,""instanceId"":""i-5da7442a"",""name"":""meeting""}"
"5f00e1ec-29fc-4729-b963-314b9bd0d723","Debian",194,23,1353,"United States Virgin Islands","Deborah Davis","Amazon Web Services","Running","2023-05-06 03:22:16.000","{""costCenter"":739,""instanceId"":""i-2ae724f7"",""name"":""hand""}"
"5f0ac274-786b-45f7-83ac-9c96f6b40777","Debian",110,17,2873,"Kenya","Carlos Nelson","Google Cloud Platform","Stopped","2023-05-02 06:07:06.000","{""costCenter"":854,""instanceId"":""c45-2d-000f9f449f7011e"",""name"":""enough""}"
"5f18fa78-833e-45c3-bd06-82dd079e31e1","Red Hat Enterprise Linux",200,17,1801,"Belgium","Paul Nelson","Google Cloud Platform","Paused","2023-05-03 09:41:20.000","{""costCenter"":150,""instanceId"":""1cc-ee-ad3b10d5c3f63ba"",""name"":""special""}"
"5f4dfd43-f056-42f0-bc71-efe3992b4f9c","Windows Server",213,39,4041,"Saint Barthelemy","Joseph Hernandez","Amazon Web Services","Paused","2023-05-08 16:57:16.000","{""costCenter"":282,""instanceId"":""i-868babfc"",""name"":""avoid""}"
"5f58b8e9-07e8-4055-8f94-0b74c4ba87e5","Debian",86,31,1055,"Kenya","Adrienne Gonzalez","Microsoft Azure","Paused","2023-05-09 17:42:38.000","{""costCenter"":693,""instanceId"":""i-aed707-b2596-85a69"",""name"":""according""}"
"5f7f21e3-ea5e-4f29-b283-25518f473a3f","Ubuntu",71,51,3226,"Vanuatu","Melissa Herring","Microsoft Azure","Paused","2023-05-01 18:57:14.000","{""costCenter"":698,""instanceId"":""i-e55e45-ca32e-f8dae"",""name"":""can""}"
"5f8036ce-9f27-41b8-bef6-e635cf0b298f","Debian",145,25,1591,"Iran","Mr. Samuel Jones","Microsoft Azure","Running","2023-05-05 14:08:32.000","{""costCenter"":598,""instanceId"":""i-2eb75b-fd8da-d1923"",""name"":""range""}"
"60583abb-380b-4b1b-bee2-ce6e8e3bbf8d","Ubuntu",215,34,861,"Liechtenstein","Mrs. Rebekah Dawson","Google Cloud Platform","Stopped","2023-05-03 08:25:45.000","{""costCenter"":953,""instanceId"":""a33-08-fdead12af3fb532"",""name"":""relate""}"
"60b69d45-8a73-45de-aeef-be0b7a43922b","Debian",172,9,3006,"Namibia","Stephanie Kelley","Google Cloud Platform","Paused","2023-05-06 21:25:31.000","{""costCenter"":267,""instanceId"":""c8a-18-8305c29d7b4f301"",""name"":""Mrs""}"
"60ef295b-fca2-43b9-987f-de8f9243d863","Ubuntu",9,61,3778,"Solomon Islands","Sarah Jones","Amazon Web Services","Stopped","2023-05-08 17:13:09.000","{""costCenter"":202,""instanceId"":""i-09ef5602"",""name"":""per""}"
"60fe9519-5427-4ac6-93dd-8c90e5b3de5e","CentOS",50,32,84,"Morocco","Brandon Ayala","Google Cloud Platform","Running","2023-05-05 14:40:41.000","{""costCenter"":146,""instanceId"":""2d0-89-560e2fd44f34f41"",""name"":""trade""}"
"6120f267-ff82-4743-a35d-48b8d9b02624","Ubuntu",104,28,2965,"Kiribati","Zachary Torres","Amazon Web Services","Running","2023-05-08 22:34:59.000","{""costCenter"":150,""instanceId"":""i-bde3d4b5"",""name"":""who""}"
"61408142-d0ca-4f55-a2a9-b1f3f8066373","Debian",245,11,3259,"Myanmar","Brittney Good","Amazon Web Services","Stopped","2023-05-02 15:12:08.000","{""costCenter"":440,""instanceId"":""i-f09a0dcd"",""name"":""community""}"
"614901db-a2dc-412b-8dea-a28c40aeb425","Windows Server",240,11,2350,"Kuwait","Michael Howard","Microsoft Azure","Running","2023-05-08 15:12:35.000","{""costCenter"":949,""instanceId"":""i-786c32-a5732-a90a7"",""name"":""information""}"
"61a6e65f-943a-48e2-ab61-bb35cc9b7f48","Ubuntu",109,39,2722,"Palau","Michelle Mcfarland","Amazon Web Services","Running","2023-05-03 14:02:11.000","{""costCenter"":477,""instanceId"":""i-80b0aab3"",""name"":""specific""}"
"61b36564-e6f3-4887-9c4a-9fafef8d45b6","Ubuntu",197,23,178,"New Caledonia","Renee Hopkins","Amazon Web Services","Paused","2023-05-05 12:19:26.000","{""costCenter"":341,""instanceId"":""i-e4ce906a"",""name"":""same""}"
"61c21914-ecbb-48cf-9f84-29d8ee3b2bda","Windows Server",165,61,3533,"Mexico","Holly Stanley","Microsoft Azure","Running","2023-05-06 22:24:05.000","{""costCenter"":261,""instanceId"":""i-b32a81-f3265-74619"",""name"":""suggest""}"
"61dc604c-3ad7-4465-b5a5-e7c71249dbd5","Red Hat Enterprise Linux",182,37,3088,"Morocco","Michael Santana","Amazon Web Services","Stopped","2023-05-05 18:47:59.000","{""costCenter"":472,""instanceId"":""i-3436e2f2"",""name"":""affect""}"
"620e371a-5036-4275-81d8-dbaee581f444","Ubuntu",45,12,1490,"Zambia","Jeffrey Singleton","Amazon Web Services","Running","2023-05-05 09:07:50.000","{""costCenter"":938,""instanceId"":""i-2afd978d"",""name"":""former""}"
"629c1e52-e7ef-4339-8af5-0027dedacbe2","Debian",102,33,4037,"British Virgin Islands","Michelle Hopkins","Google Cloud Platform","Paused","2023-05-07 07:16:04.000","{""costCenter"":950,""instanceId"":""572-ac-b1f46428dae4c54"",""name"":""chance""}"
"62d14cb7-7d3c-4c1e-a52e-54d57b3b23cb","Debian",141,11,3797,"Heard Island and McDonald Islands","Robert Mercer","Amazon Web Services","Stopped","2023-05-07 04:41:30.000","{""costCenter"":906,""instanceId"":""i-6660d394"",""name"":""usually""}"
"6331dca8-7943-4dba-83e1-2cf53385bdf0","Debian",172,9,1708,"Macedonia","Robert Morrison","Google Cloud Platform","Paused","2023-05-05 15:16:21.000","{""costCenter"":329,""instanceId"":""a15-f0-110967d52ae6aa3"",""name"":""human""}"
"64582c1d-7d3e-474b-8d5d-aae33705e717","CentOS",206,30,1261,"Svalbard & Jan Mayen Islands","Debra Davis","Microsoft Azure","Running","2023-05-05 11:22:11.000","{""costCenter"":293,""instanceId"":""i-775ff9-541cc-bdfe2"",""name"":""power""}"
"648243da-da55-42fe-addc-948009bc9a17","CentOS",137,17,3144,"Norway","Marc Thompson","Microsoft Azure","Running","2023-05-07 07:39:01.000","{""costCenter"":691,""instanceId"":""i-569134-4e47b-4c4d7"",""name"":""cell""}"
"652689f0-6ef5-4459-9b02-a74dbeb9fe5b","Ubuntu",26,64,2222,"Suriname","Mr. Richard Davis","Microsoft Azure","Running","2023-05-09 02:33:22.000","{""costCenter"":330,""instanceId"":""i-e5e86b-8db75-d8fd9"",""name"":""buy""}"
"652fba7c-2157-4b5a-aa87-fc30d1cc2e7e","Debian",187,58,265,"Macedonia","Kenneth Dominguez","Amazon Web Services","Stopped","2023-05-04 05:21:51.000","{""costCenter"":720,""instanceId"":""i-b75922fd"",""name"":""class""}"
"6553b5a1-b2bb-4c39-8ace-9e8bd121f481","Red Hat Enterprise Linux",144,38,1301,"Burundi","Aaron Roberts","Microsoft Azure","Stopped","2023-05-07 23:27:47.000","{""costCenter"":521,""instanceId"":""i-bb55af-201a0-cbfe3"",""name"":""likely""}"
"65e8919e-3079-4c3e-9e77-2babd63aaad4","CentOS",185,38,3077,"Dominica","Christina Anthony","Amazon Web Services","Stopped","2023-05-04 20:03:56.000","{""costCenter"":773,""instanceId"":""i-1aa8048e"",""name"":""official""}"
"66122fe7-3320-4e99-a816-9c8fe51a5928","Debian",51,8,3713,"Botswana","Kathy Fuller","Microsoft Azure","Stopped","2023-05-08 10:32:58.000","{""costCenter"":172,""instanceId"":""i-65dcca-56bab-b5b46"",""name"":""available""}"
"663d50d0-6f1b-4647-9613-c846f37b634c","Windows Server",114,54,510,"Guernsey","Danielle Dean","Microsoft Azure","Running","2023-05-07 03:42:56.000","{""costCenter"":393,""instanceId"":""i-a60683-ab508-d5d97"",""name"":""policy""}"
"66550bed-f955-47fa-a059-0bc637b278ba","Red Hat Enterprise Linux",211,40,1707,"Guernsey","Kendra Moreno","Google Cloud Platform","Stopped","2023-05-03 09:37:29.000","{""costCenter"":718,""instanceId"":""ba1-40-a51402208b33d1d"",""name"":""building""}"
"66cffbe7-7763-441d-8146-f7c5a2ed1d13","Debian",145,61,2360,"Finland","Kathryn Garcia","Amazon Web Services","Paused","2023-05-08 06:03:30.000","{""costCenter"":305,""instanceId"":""i-537814fa"",""name"":""affect""}"
"677191b8-e05c-4283-ab69-eb9cb1cc48fb","Red Hat Enterprise Linux",85,10,3966,"Bahamas","Benjamin Evans","Amazon Web Services","Running","2023-05-08 21:30:50.000","{""costCenter"":996,""instanceId"":""i-11b715bc"",""name"":""character""}"
"67d9570c-7c7d-4d65-b945-06a403153cad","Windows Server",203,33,2378,"Ethiopia","Susan Clark","Google Cloud Platform","Stopped","2023-05-01 01:57:22.000","{""costCenter"":657,""instanceId"":""191-2c-3f4c293e86a438e"",""name"":""thought""}"
"67fc7ebe-b726-4e3c-a03d-a493f4674a57","Ubuntu",206,16,262,"Gibraltar","Angela Stewart","Amazon Web Services","Paused","2023-05-03 03:48:20.000","{""costCenter"":732,""instanceId"":""i-07e77475"",""name"":""trade""}"
"681464b8-6e15-43a8-a41d-cb58505d2231","Windows Server",115,62,245,"Gibraltar","William Riley","Amazon Web Services","Running","2023-05-05 17:21:48.000","{""costCenter"":901,""instanceId"":""i-0d9f9220"",""name"":""late""}"
"681d01ee-86ef-4b5c-8db1-ba48a66173e3","Ubuntu",47,14,3941,"Sao Tome and Principe","Elizabeth Davis","Google Cloud Platform","Stopped","2023-05-01 07:21:00.000","{""costCenter"":161,""instanceId"":""c52-94-460a631f4d11532"",""name"":""with""}"
"686bee9e-2319-49ce-bb5a-6bde97adc798","Ubuntu",216,44,3747,"Turkmenistan","Jennifer Davis","Microsoft Azure","Stopped","2023-05-02 01:38:43.000","{""costCenter"":733,""instanceId"":""i-0f9364-56d2f-ebe54"",""name"":""deal""}"
"6899fab5-0e7c-42ca-af51-e2398a1a2ab6","Debian",106,36,1202,"Anguilla","James Rodriguez","Microsoft Azure","Paused","2023-05-03 05:34:29.000","{""costCenter"":631,""instanceId"":""i-c1075f-5d23f-a2f5d"",""name"":""state""}"
"690b8466-a085-4dbc-8a41-e96c9825d6f5","Windows Server",61,39,1927,"Serbia","Brad Hartman","Google Cloud Platform","Paused","2023-05-07 09:47:47.000","{""costCenter"":778,""instanceId"":""a6e-a3-cfe0baa8ca7d09c"",""name"":""around""}"
"6a1519c0-4d1f-4e3c-8cc5-62dfecccab44","Red Hat Enterprise Linux",60,49,1963,"Burkina Faso","Evelyn Brennan","Microsoft Azure","Running","2023-05-07 06:11:43.000","{""costCenter"":346,""instanceId"":""i-7d0abc-c4183-ce8b2"",""name"":""hour""}"
"6a6cfeb2-42e8-4ce7-809c-b340512d9721","CentOS",145,33,372,"Denmark","Melissa Waters","Microsoft Azure","Paused","2023-05-02 06:52:47.000","{""costCenter"":384,""instanceId"":""i-280418-98ef4-6e67a"",""name"":""national""}"
"6a93805b-a1c4-4536-88f0-35150bde9700","CentOS",54,40,3892,"Sri Lanka","Lindsay Gilbert","Amazon Web Services","Paused","2023-05-02 01:43:19.000","{""costCenter"":968,""instanceId"":""i-c1ec84f9"",""name"":""own""}"
"6ac92de2-047d-4302-8959-5d96d46a84b8","Ubuntu",83,13,1792,"French Southern Territories","Todd Gonzalez","Google Cloud Platform","Running","2023-05-04 17:19:17.000","{""costCenter"":261,""instanceId"":""8bc-c6-42ba0a5d27e0180"",""name"":""manage""}"
"6addb08b-5466-48d5-9f00-ef895453de62","Windows Server",37,38,2599,"Comoros","Gary Lopez","Microsoft Azure","Running","2023-05-01 10:03:55.000","{""costCenter"":187,""instanceId"":""i-369ff7-30428-c110b"",""name"":""know""}"
"6b4caa65-7515-471e-8c16-01d8deee2a55","Red Hat Enterprise Linux",136,33,2525,"New Caledonia","Pamela Villarreal","Microsoft Azure","Stopped","2023-05-01 20:21:47.000","{""costCenter"":528,""instanceId"":""i-cb978e-4e152-9e17b"",""name"":""recent""}"
"6b680a87-8a28-405c-87d8-d849961bafe6","Windows Server",111,17,3284,"Nauru","Latoya Ortiz","Microsoft Azure","Running","2023-05-02 20:23:14.000","{""costCenter"":512,""instanceId"":""i-590d40-b2d4b-27286"",""name"":""site""}"
"6b9bc22d-fcc9-4809-9729-c21fad6b2816","Red Hat Enterprise Linux",169,45,3347,"Paraguay","Mitchell Lopez","Microsoft Azure","Paused","2023-05-03 06:38:24.000","{""costCenter"":888,""instanceId"":""i-6408d9-3a0fe-1ba66"",""name"":""tell""}"
"6ba67479-a919-48a1-82ef-e2d9ce7c580b","Ubuntu",33,39,342,"Holy See (Vatican City State)","James Fernandez","Microsoft Azure","Paused","2023-05-05 02:00:07.000","{""costCenter"":689,""instanceId"":""i-09fd99-1bfb4-80e39"",""name"":""start""}"
"6bb98d1a-028f-4f90-8144-78c00be21244","Ubuntu",19,32,2989,"Jersey","Sabrina Martin","Google Cloud Platform","Running","2023-05-09 15:18:03.000","{""costCenter"":615,""instanceId"":""4e9-41-f55df700a9f962f"",""name"":""lot""}"
"6bce7288-0355-474d-a799-3dc2265e194f","Ubuntu",256,27,2492,"Iceland","Kathleen Glass","Google Cloud Platform","Running","2023-05-08 05:17:43.000","{""costCenter"":510,""instanceId"":""e4a-f5-131a9a1c689861c"",""name"":""item""}"
"6be2e098-73d1-482a-ac65-68bfedf392eb","Windows Server",49,12,1887,"Finland","Jacob Dorsey","Amazon Web Services","Running","2023-05-08 16:31:29.000","{""costCenter"":444,""instanceId"":""i-872e1a6a"",""name"":""class""}"
"6c0352eb-4bc3-4546-aeab-cf1d30a0230e","Red Hat Enterprise Linux",52,24,3556,"Guinea","Danielle Carey","Google Cloud Platform","Paused","2023-05-08 17:31:10.000","{""costCenter"":414,""instanceId"":""1a1-0f-05f185c96833dc5"",""name"":""plant""}"
"6c4d6f85-b9af-4014-9b97-fcb93692779f","Windows Server",247,46,373,"Cambodia","Christopher Skinner","Microsoft Azure","Paused","2023-05-08 07:57:10.000","{""costCenter"":475,""instanceId"":""i-628d87-0924c-61f2b"",""name"":""knowledge""}"
"6c801745-761d-42e4-9541-218352cbee4d","Red Hat Enterprise Linux",153,26,1656,"Bouvet Island (Bouvetoya)","Monica Johnson PhD","Microsoft Azure","Paused","2023-05-04 18:56:25.000","{""costCenter"":598,""instanceId"":""i-55c6c8-1ba45-55231"",""name"":""build""}"
"6ce2be80-2706-4302-9eb4-2623b7a7959d","Ubuntu",205,36,3796,"Bermuda","Karen Shaw","Microsoft Azure","Running","2023-05-05 04:57:29.000","{""costCenter"":814,""instanceId"":""i-9fe803-204bd-6745d"",""name"":""what""}"
"6d2c7c19-376a-4875-bae6-a3e719e1a31e","Ubuntu",43,61,2748,"Norway","Debbie Burke","Microsoft Azure","Stopped","2023-05-09 04:17:02.000","{""costCenter"":680,""instanceId"":""i-7839de-06bc0-ea0f8"",""name"":""camera""}"
"6d8d82fa-b1c9-4b0f-aaf8-6210ad47f441","Ubuntu",122,36,848,"Uganda","Karen Clark","Google Cloud Platform","Paused","2023-05-07 14:39:55.000","{""costCenter"":381,""instanceId"":""0a2-34-ca93421d61fe06d"",""name"":""road""}"
"6e1fd792-0dc9-4d7b-8338-6d34b94763dd","Debian",189,54,311,"Nepal","John Willis","Microsoft Azure","Running","2023-05-05 03:25:55.000","{""costCenter"":640,""instanceId"":""i-13f7f3-ad9c3-4e6f1"",""name"":""good""}"
"6e8dba29-5f2c-4849-81f0-a4ab49d1f4f5","Ubuntu",17,41,3439,"Lithuania","Stephanie Russo","Microsoft Azure","Stopped","2023-05-05 16:07:44.000","{""costCenter"":647,""instanceId"":""i-fa86a6-50869-530d7"",""name"":""price""}"
"6eda54f5-e037-45b9-8a9a-bf08fcfe6fac","Windows Server",15,29,1687,"Bolivia","Christopher Rich","Microsoft Azure","Running","2023-05-05 09:01:14.000","{""costCenter"":210,""instanceId"":""i-d99674-c723e-ada52"",""name"":""whom""}"
"6f814131-a2ba-465c-8e53-0116ab19c3cf","CentOS",190,63,2437,"British Virgin Islands","Elizabeth Moore","Microsoft Azure","Paused","2023-05-03 18:11:35.000","{""costCenter"":786,""instanceId"":""i-f1b6dc-d576e-444c1"",""name"":""wear""}"
"6f99d045-c011-4413-baf2-698439e266ca","Windows Server",83,52,3667,"Lesotho","Penny Smith","Google Cloud Platform","Running","2023-05-06 18:31:36.000","{""costCenter"":698,""instanceId"":""cc6-3b-308a1bcc0959fd7"",""name"":""alone""}"
"6fa338ff-adcb-441a-bc40-9d4c5f9e9599","Ubuntu",61,6,3916,"Saint Lucia","Jessica Newton","Amazon Web Services","Stopped","2023-05-01 12:23:06.000","{""costCenter"":295,""instanceId"":""i-02b08789"",""name"":""likely""}"
"7057de31-0320-4be4-b055-f414483a779f","Ubuntu",244,5,671,"Austria","Jason Weeks","Amazon Web Services","Stopped","2023-05-01 20:42:17.000","{""costCenter"":381,""instanceId"":""i-52c7f689"",""name"":""study""}"
"705ca61a-0963-4f4d-9def-c16e66f4ead2","Debian",108,43,2173,"Saudi Arabia","Elizabeth Carlson","Microsoft Azure","Running","2023-05-06 17:32:24.000","{""costCenter"":362,""instanceId"":""i-ccd7f4-f75b9-61a81"",""name"":""begin""}"
"706cbe7f-f87c-44d6-969f-566542717bbd","Windows Server",186,34,210,"Trinidad and Tobago","Kyle Jones","Microsoft Azure","Running","2023-05-02 07:29:28.000","{""costCenter"":404,""instanceId"":""i-9465a8-d7f2e-fee43"",""name"":""evening""}"
"706daa05-d4c2-4916-95a3-6c22461e0d71","Debian",101,8,3760,"Jamaica","Dakota Tanner","Google Cloud Platform","Stopped","2023-05-07 15:03:21.000","{""costCenter"":754,""instanceId"":""015-7e-7b5af883a2077df"",""name"":""traditional""}"
"71077d2b-172e-4896-b3a8-8a1b6be0d030","Debian",208,29,1867,"Puerto Rico","Gabrielle Montgomery","Amazon Web Services","Running","2023-05-07 15:31:51.000","{""costCenter"":704,""instanceId"":""i-a82b40a5"",""name"":""student""}"
"71733dfc-b433-4cc3-b179-07048b4cda6b","Windows Server",198,58,3770,"United States Virgin Islands","Joyce Sullivan","Microsoft Azure","Paused","2023-05-08 01:18:08.000","{""costCenter"":270,""instanceId"":""i-b2686d-1d733-beeca"",""name"":""name""}"
"7224ce26-52a3-453a-8e1f-7def4b7e39a1","Windows Server",103,55,3726,"Montenegro","Alexis Johnston","Microsoft Azure","Paused","2023-05-07 00:02:32.000","{""costCenter"":631,""instanceId"":""i-96403f-cee7e-b9b74"",""name"":""pass""}"
"723b5580-d77d-44ce-b459-fc8f3b7bd56c","Ubuntu",157,25,2510,"United States Virgin Islands","Taylor Wade","Google Cloud Platform","Stopped","2023-05-04 04:49:38.000","{""costCenter"":954,""instanceId"":""fdb-af-472eda36c161e9a"",""name"":""analysis""}"
"729497b1-50c3-493d-b54f-b167d495b9fb","CentOS",10,24,4082,"Sri Lanka","Victor Roberson","Google Cloud Platform","Paused","2023-05-02 09:13:03.000","{""costCenter"":705,""instanceId"":""2d8-3b-0873311c9ac1c62"",""name"":""occur""}"
"7375835d-6458-4230-93c6-c1066e833fa7","CentOS",202,6,254,"Falkland Islands (Malvinas)","Andrea Walker DDS","Amazon Web Services","Stopped","2023-05-03 06:30:57.000","{""costCenter"":346,""instanceId"":""i-4bf3028e"",""name"":""everybody""}"
"74307282-d803-42a2-bc8b-ae7abd317648","Windows Server",130,45,1534,"Armenia","Wendy Zavala","Amazon Web Services","Running","2023-05-04 15:58:57.000","{""costCenter"":135,""instanceId"":""i-502e3833"",""name"":""baby""}"
"747be0f5-f0be-4b66-a8fa-550b182f6ac3","Ubuntu",109,52,775,"Poland","Kimberly Morales","Amazon Web Services","Paused","2023-05-01 01:11:18.000","{""costCenter"":769,""instanceId"":""i-424f5026"",""name"":""positive""}"
"74ac5632-eee2-4706-8a2c-5aa93d30ad9a","Red Hat Enterprise Linux",97,46,2572,"Costa Rica","Tara Moore","Google Cloud Platform","Running","2023-05-01 19:58:38.000","{""costCenter"":731,""instanceId"":""9a1-e8-8dd4504b0bfb54f"",""name"":""ready""}"
"74dd51a3-9880-4311-9097-ad71dae90d1c","Windows Server",24,46,1870,"Belgium","Jennifer Allen","Microsoft Azure","Paused","2023-05-05 13:56:53.000","{""costCenter"":775,""instanceId"":""i-224486-8ad1c-0b3bb"",""name"":""defense""}"
"74e3e7d9-3f11-4d3f-8894-5e11a31f3e54","Debian",136,38,1986,"Finland","Paul Cox","Google Cloud Platform","Paused","2023-05-08 15:34:24.000","{""costCenter"":536,""instanceId"":""56c-ff-7131dd03b91bfb2"",""name"":""third""}"
"74f70bf2-f9a9-443d-9974-f1f4eae7a9d1","Debian",241,40,3129,"Australia","Gerald Clay","Microsoft Azure","Paused","2023-05-09 09:29:32.000","{""costCenter"":282,""instanceId"":""i-ac3147-3be92-2400b"",""name"":""type""}"
"75380528-6c96-4067-a3e7-fb3de8ba02b8","Debian",60,57,2844,"Mauritania","Luis Marshall","Amazon Web Services","Stopped","2023-05-05 23:13:49.000","{""costCenter"":223,""instanceId"":""i-e8f63780"",""name"":""decade""}"
"7576e764-b81b-4909-92df-a7f15df01626","Red Hat Enterprise Linux",49,58,3042,"Indonesia","Brenda Webster","Google Cloud Platform","Paused","2023-05-04 07:05:24.000","{""costCenter"":395,""instanceId"":""20d-cb-702b86ad22da30f"",""name"":""hear""}"
"761ad2e5-fbfc-49b1-8496-56841f32215a","Ubuntu",67,61,3722,"Jordan","Daniel Lewis","Amazon Web Services","Paused","2023-05-05 01:57:23.000","{""costCenter"":367,""instanceId"":""i-4497e3f0"",""name"":""start""}"
"76a1cc3b-79ce-4cf1-a865-e07a0873b849","Debian",41,44,151,"Venezuela","George Lowe","Google Cloud Platform","Stopped","2023-05-05 12:53:33.000","{""costCenter"":766,""instanceId"":""deb-55-c76f15315996cc3"",""name"":""most""}"
"76d55ca8-1616-4b9e-a8c3-5d0c390eec8d","Windows Server",155,49,2836,"Martinique","Jacob Cain","Amazon Web Services","Paused","2023-05-09 01:54:26.000","{""costCenter"":414,""instanceId"":""i-00cc69d5"",""name"":""question""}"
"770bc549-3312-4921-841a-f906c953fe95","Windows Server",118,63,233,"Bahrain","Brandon Hernandez","Google Cloud Platform","Paused","2023-05-07 03:23:29.000","{""costCenter"":294,""instanceId"":""2f5-79-30915d50148373e"",""name"":""including""}"
"77c87f5d-33bb-4cba-890e-7e3d37eeeb74","Ubuntu",61,57,3486,"Maldives","Dorothy Hunter","Google Cloud Platform","Stopped","2023-05-08 22:15:45.000","{""costCenter"":358,""instanceId"":""5b3-c5-7151f7139ecd10d"",""name"":""course""}"
"78858efe-aaf9-4e36-af3e-1fcc823feef0","Windows Server",160,59,3590,"Honduras","Lauren Dixon","Microsoft Azure","Paused","2023-05-04 16:38:42.000","{""costCenter"":642,""instanceId"":""i-fa2c9b-02764-df17a"",""name"":""black""}"
"789c62fd-880c-404d-9216-44387a20e7f5","CentOS",137,33,118,"Monaco","Shannon Flores","Amazon Web Services","Running","2023-05-03 22:23:24.000","{""costCenter"":135,""instanceId"":""i-9dd80817"",""name"":""example""}"
"78f163ad-3bf0-418a-9435-4f8ca33e4b6b","Ubuntu",112,12,304,"Norway","Melissa Carlson","Microsoft Azure","Paused","2023-05-04 03:48:15.000","{""costCenter"":593,""instanceId"":""i-305ded-561d2-200bf"",""name"":""center""}"
"78f42f7f-4247-4681-ae6c-d6b2e29ec93e","Red Hat Enterprise Linux",143,3,2805,"Georgia","Joe Nelson","Microsoft Azure","Running","2023-05-06 02:42:49.000","{""costCenter"":477,""instanceId"":""i-355135-2bf09-c9d36"",""name"":""easy""}"
"7a3fd6f6-68e7-493c-8ccc-9521a334daf2","Ubuntu",184,36,3552,"Tuvalu","Amy Camacho","Amazon Web Services","Paused","2023-05-05 18:56:53.000","{""costCenter"":607,""instanceId"":""i-6395c0f8"",""name"":""notice""}"
"7a696322-f730-4110-b786-614d516ca954","Red Hat Enterprise Linux",168,17,855,"Ethiopia","Kelly Rivera","Amazon Web Services","Paused","2023-05-09 05:12:53.000","{""costCenter"":604,""instanceId"":""i-87334347"",""name"":""world""}"
"7aed34d2-f7b9-43da-9e26-875602c30494","Ubuntu",74,28,899,"Ghana","Gary Smith","Microsoft Azure","Running","2023-05-01 08:29:31.000","{""costCenter"":859,""instanceId"":""i-50df41-719d7-49ce9"",""name"":""son""}"
"7b1e5895-a8ff-4af3-acc8-1b2b1b687d66","Red Hat Enterprise Linux",213,3,813,"Swaziland","Benjamin Morgan","Microsoft Azure","Stopped","2023-05-02 17:43:17.000","{""costCenter"":656,""instanceId"":""i-90b6e2-53619-b38ff"",""name"":""discover""}"
"7b307dcf-65a9-49ad-bd94-a5b989fc9e44","Debian",226,18,720,"New Caledonia","Jorge Rios","Google Cloud Platform","Paused","2023-05-08 15:39:48.000","{""costCenter"":754,""instanceId"":""ed7-d4-cd83b531c64cfe4"",""name"":""effort""}"
"7b328135-e889-461a-bf41-63b19cd80a4f","Ubuntu",229,3,2312,"Japan","Rebecca Mckinney","Amazon Web Services","Paused","2023-05-06 20:18:16.000","{""costCenter"":814,""instanceId"":""i-9b788064"",""name"":""employee""}"
"7b937ace-b817-4e17-b6b2-a03ea23899a7","Ubuntu",14,54,2757,"Benin","Richard Miller","Amazon Web Services","Running","2023-05-06 20:56:42.000","{""costCenter"":293,""instanceId"":""i-a98fac7e"",""name"":""assume""}"
"7bcd7c96-78ff-4766-b92c-8965752acb07","Debian",73,13,367,"Burundi","Daniel Richardson","Amazon Web Services","Paused","2023-05-06 04:21:27.000","{""costCenter"":653,""instanceId"":""i-dc5fc14d"",""name"":""fear""}"
"7bd2f43e-401b-4e49-9caf-b435e4840f4e","Ubuntu",97,15,20,"South Georgia and the South Sandwich Islands","Carl Olson","Microsoft Azure","Stopped","2023-05-05 22:55:15.000","{""costCenter"":984,""instanceId"":""i-4b3287-17c0b-f6464"",""name"":""product""}"
"7bf706e2-4555-494d-997a-d66c7303a30b","Debian",10,21,3295,"Lithuania","Johnny Stevens","Amazon Web Services","Running","2023-05-09 10:17:04.000","{""costCenter"":486,""instanceId"":""i-e6c6ce72"",""name"":""successful""}"
"7c826943-27c6-4474-93b0-b17919f9c843","Windows Server",150,42,3853,"Venezuela","Thomas Hill","Microsoft Azure","Running","2023-05-07 04:16:05.000","{""costCenter"":523,""instanceId"":""i-3818a8-ffd5d-2856b"",""name"":""expert""}"
"7cc15102-bd01-4769-80a0-317cecc7c218","Ubuntu",221,53,1179,"Zimbabwe","Kimberly Kelly","Google Cloud Platform","Running","2023-05-03 00:50:09.000","{""costCenter"":723,""instanceId"":""ceb-a1-9f5dcd5afaf603d"",""name"":""church""}"
"7cd99bb2-1061-40fd-8808-1224f6379854","Red Hat Enterprise Linux",97,8,743,"Eritrea","Brian Stewart","Microsoft Azure","Running","2023-05-04 18:06:45.000","{""costCenter"":431,""instanceId"":""i-144e79-2aa81-2ecd5"",""name"":""nature""}"
"7d93d74d-e097-49d5-a311-cce5d5fce489","Ubuntu",193,29,2638,"Macao","John Long","Amazon Web Services","Running","2023-05-03 18:59:24.000","{""costCenter"":699,""instanceId"":""i-06ce3ad4"",""name"":""evidence""}"
"7dbd1f04-c897-478e-969e-b147f70559de","CentOS",128,21,3740,"Morocco","Katherine Peterson","Google Cloud Platform","Stopped","2023-05-08 05:42:47.000","{""costCenter"":814,""instanceId"":""596-1b-26bdab0a3459a4a"",""name"":""star""}"
"7dd04c57-1ceb-493a-89bc-7c4a9793b9d1","Red Hat Enterprise Linux",222,32,82,"United States Virgin Islands","Jeffrey Dennis","Microsoft Azure","Paused","2023-05-07 04:46:52.000","{""costCenter"":796,""instanceId"":""i-f14d71-24b74-1685b"",""name"":""lead""}"
"7e9ccfd3-8c42-4468-9380-c799495414e9","Ubuntu",198,24,2801,"Reunion","Terri Johnson","Google Cloud Platform","Running","2023-05-05 03:35:35.000","{""costCenter"":614,""instanceId"":""8dc-20-9fc7a5c87feecc4"",""name"":""approach""}"
"7eb0b7cb-4d1a-4247-b764-ed66c7d66524","Red Hat Enterprise Linux",45,34,2193,"Namibia","Monica Parsons","Amazon Web Services","Running","2023-05-03 02:21:24.000","{""costCenter"":418,""instanceId"":""i-75de3386"",""name"":""parent""}"
"7f017e2c-0f53-4d4a-b89a-2af62690b9ed","Debian",243,13,1057,"Croatia","Anthony Obrien","Amazon Web Services","Running","2023-05-07 05:14:53.000","{""costCenter"":113,""instanceId"":""i-aef744ca"",""name"":""guess""}"
"7f090aa2-eb93-441e-9e02-f958500fa6a8","CentOS",172,9,2287,"Indonesia","Natalie Olson","Amazon Web Services","Running","2023-05-07 19:06:28.000","{""costCenter"":442,""instanceId"":""i-4d28d7c6"",""name"":""quickly""}"
"7f450c1d-460f-4bff-af8a-4bcfb9880d71","Red Hat Enterprise Linux",154,10,1851,"Burkina Faso","Brittany Leblanc","Amazon Web Services","Running","2023-05-06 22:03:49.000","{""costCenter"":897,""instanceId"":""i-d72bbe9c"",""name"":""thought""}"
"7f659f74-dbbc-49ee-9765-5dd07a17973a","Ubuntu",218,53,1139,"China","Mrs. Heather Odonnell","Microsoft Azure","Stopped","2023-05-04 05:48:10.000","{""costCenter"":848,""instanceId"":""i-f74b36-57047-f39f7"",""name"":""benefit""}"
"7fe0ad56-2a83-4549-9530-203cd2b1c7e5","Debian",55,40,838,"Wallis and Futuna","Melanie Jones","Google Cloud Platform","Stopped","2023-05-05 19:10:50.000","{""costCenter"":328,""instanceId"":""29f-3c-f4744311d89197a"",""name"":""know""}"
"80e2fa91-4b27-426d-93f7-e76ca0652839","Windows Server",43,11,1230,"Dominican Republic","Matthew Ball","Microsoft Azure","Running","2023-05-03 20:30:11.000","{""costCenter"":482,""instanceId"":""i-351160-3cf94-e8332"",""name"":""most""}"
"80e3ac62-6d9d-4411-a2ad-fa968bb1c9c3","Debian",247,10,1982,"Madagascar","Kelly Ramos","Amazon Web Services","Paused","2023-05-02 02:15:31.000","{""costCenter"":274,""instanceId"":""i-f2627574"",""name"":""bank""}"
"81023bbc-3b0b-4640-9350-095a77ac7196","Windows Server",158,7,2529,"Saint Pierre and Miquelon","Anthony Lee","Amazon Web Services","Running","2023-05-09 12:44:18.000","{""costCenter"":258,""instanceId"":""i-47830819"",""name"":""explain""}"
"8157584f-6ad3-4f6e-b419-0f2169058fc5","Windows Server",59,26,297,"Belgium","Debbie Graham","Google Cloud Platform","Running","2023-05-02 21:33:43.000","{""costCenter"":500,""instanceId"":""949-b8-7f7f671785b93ff"",""name"":""city""}"
"81693e58-6c51-4e4d-84a8-19a5f5dc1bf4","CentOS",238,42,1511,"Sri Lanka","Michael Hernandez","Amazon Web Services","Stopped","2023-05-01 09:12:32.000","{""costCenter"":192,""instanceId"":""i-8fc3f3d6"",""name"":""evening""}"
"81a681ca-08e2-42a1-b83a-3fb82a88c6ac","Debian",125,12,3668,"Bulgaria","Lisa Mercer DVM","Amazon Web Services","Paused","2023-05-04 06:10:49.000","{""costCenter"":499,""instanceId"":""i-c29a39ea"",""name"":""study""}"
"81c7554f-ddbe-487b-8fdd-2a7065cc3623","Debian",62,5,1293,"Congo","Eileen Jackson","Microsoft Azure","Stopped","2023-05-09 05:33:32.000","{""costCenter"":881,""instanceId"":""i-44458a-ad731-90375"",""name"":""hear""}"
"81e76e47-8952-47e9-a796-7749bd0e944b","Ubuntu",44,36,3461,"Belarus","Stephanie Lin","Microsoft Azure","Paused","2023-05-07 02:00:45.000","{""costCenter"":172,""instanceId"":""i-f23acc-39697-bc5d3"",""name"":""modern""}"
"824592d5-699a-4017-9bf7-b7fcdb63d8ff","Debian",118,20,763,"Lithuania","Michael Anderson","Google Cloud Platform","Running","2023-05-05 06:13:28.000","{""costCenter"":962,""instanceId"":""991-ee-3ae06516734d2f0"",""name"":""option""}"
"8258b47b-9f0f-4812-9f70-b059f1103629","CentOS",86,14,2976,"Armenia","Taylor Mora","Microsoft Azure","Running","2023-05-06 14:16:12.000","{""costCenter"":821,""instanceId"":""i-ad0788-2607f-0f415"",""name"":""toward""}"
"832c463f-0763-4ad6-b930-3b0c697f8250","Debian",224,20,2572,"Saint Lucia","Kelly Curtis","Amazon Web Services","Running","2023-05-04 05:05:24.000","{""costCenter"":750,""instanceId"":""i-0967f21d"",""name"":""above""}"
"835bbc6c-7507-45aa-8bbe-e0b08e1bbe15","Ubuntu",136,9,2455,"Kuwait","Charles Foley","Microsoft Azure","Running","2023-05-01 23:28:23.000","{""costCenter"":219,""instanceId"":""i-f0c0c6-02b10-ab257"",""name"":""actually""}"
"83cc99c8-58be-4d93-a00b-d753627e718e","Windows Server",81,6,1994,"Rwanda","Travis Green","Microsoft Azure","Stopped","2023-05-04 18:43:40.000","{""costCenter"":465,""instanceId"":""i-d8258f-b0285-701ed"",""name"":""Congress""}"
"8426a1ad-6104-41f3-bb92-c51b77cfb0b5","Windows Server",230,13,63,"Falkland Islands (Malvinas)","Heather Hernandez","Microsoft Azure","Stopped","2023-05-08 15:52:38.000","{""costCenter"":778,""instanceId"":""i-1c42cc-1d4bb-ca92a"",""name"":""low""}"
"845c4720-dbaf-4d26-90bb-d96975510e91","Debian",18,25,2580,"Saint Barthelemy","Michael Patterson","Google Cloud Platform","Running","2023-05-02 21:08:41.000","{""costCenter"":710,""instanceId"":""093-01-6db0f5429a9bdcf"",""name"":""war""}"
"8482c1c8-6dba-4833-8d3b-2007e50f72eb","Debian",234,52,704,"Marshall Islands","Daniel Williams","Microsoft Azure","Running","2023-05-01 04:58:28.000","{""costCenter"":122,""instanceId"":""i-ace0ef-a391d-a06bd"",""name"":""take""}"
"859629ad-04b4-4e93-8b59-62cd57c3b88b","Red Hat Enterprise Linux",150,39,2431,"Namibia","Tamara Strong","Amazon Web Services","Paused","2023-05-04 05:01:31.000","{""costCenter"":294,""instanceId"":""i-f79db239"",""name"":""standard""}"
"85e7fdfa-2e94-4e0f-a71d-602e5d003629","Red Hat Enterprise Linux",39,4,1132,"Burkina Faso","Nicholas Randall","Microsoft Azure","Running","2023-05-02 22:02:01.000","{""costCenter"":918,""instanceId"":""i-3d1897-d32cb-2e90f"",""name"":""join""}"
"8663757a-59cc-4255-a977-48f9334174a9","Ubuntu",40,13,3305,"Mozambique","Anna Harris","Microsoft Azure","Stopped","2023-05-01 14:43:42.000","{""costCenter"":314,""instanceId"":""i-82e2db-f578f-39a54"",""name"":""season""}"
"87a49915-87fd-4696-8864-53d77cd9d6a8","Windows Server",128,26,1955,"Lao People's Democratic Republic","Karen Ray","Google Cloud Platform","Running","2023-05-07 08:19:32.000","{""costCenter"":599,""instanceId"":""ca4-67-b49b2ea6c4555e0"",""name"":""official""}"
"87b1eef8-0dfb-407c-8fd7-7df1bf0bc775","Ubuntu",25,7,422,"Malaysia","Patrick Adams","Microsoft Azure","Paused","2023-05-02 06:42:57.000","{""costCenter"":160,""instanceId"":""i-f5df6f-6e4b2-dd7f7"",""name"":""prevent""}"
"87d9e822-e5c6-452b-b131-97f21b5bc510","Red Hat Enterprise Linux",223,31,373,"Holy See (Vatican City State)","Kimberly Charles","Amazon Web Services","Stopped","2023-05-04 11:58:14.000","{""costCenter"":691,""instanceId"":""i-7ecfff21"",""name"":""land""}"
"87e36df8-5194-4119-9675-34b0d3fd7e68","Ubuntu",182,20,4095,"Portugal","Kelly Jensen","Google Cloud Platform","Running","2023-05-09 01:20:56.000","{""costCenter"":176,""instanceId"":""24d-b2-513d4f9123a5147"",""name"":""surface""}"
"88016eb0-8c10-4cdd-a00e-69f8e2f78ec0","Red Hat Enterprise Linux",6,4,2640,"Comoros","Lisa Nichols","Google Cloud Platform","Paused","2023-05-06 00:57:58.000","{""costCenter"":627,""instanceId"":""d0b-b4-60d076fc9cb463e"",""name"":""behavior""}"
"8860554b-b656-4e2a-8c34-14054b4ba467","Red Hat Enterprise Linux",35,58,1585,"Singapore","Laura Ayala","Google Cloud Platform","Stopped","2023-05-03 17:42:42.000","{""costCenter"":663,""instanceId"":""b40-a2-6e1eb8a276602ad"",""name"":""simple""}"
"889c7919-6e4a-4e81-a559-000f7e1f0053","CentOS",226,31,2187,"Latvia","Jeremy Cantu","Microsoft Azure","Stopped","2023-05-04 11:05:46.000","{""costCenter"":400,""instanceId"":""i-3f39bc-d3b50-a4866"",""name"":""sometimes""}"
"88a8a20e-217e-4038-9dbe-2cf14f96806f","Windows Server",50,10,2018,"South Africa","Jessica Carrillo","Microsoft Azure","Paused","2023-05-03 13:01:03.000","{""costCenter"":619,""instanceId"":""i-fb0e33-b01a2-88002"",""name"":""night""}"
"8905bd8f-94ba-4487-9e01-6284cacc7249","Debian",119,52,3775,"Monaco","Crystal Oliver","Microsoft Azure","Stopped","2023-05-08 12:16:24.000","{""costCenter"":662,""instanceId"":""i-ef6c30-10f3c-92d00"",""name"":""suffer""}"
"890e66a2-2fdb-4647-8ec2-5595af36b39d","Debian",201,5,2793,"Macedonia","Kelsey Callahan","Amazon Web Services","Paused","2023-05-03 03:25:23.000","{""costCenter"":648,""instanceId"":""i-3b3450d4"",""name"":""country""}"
"8997760d-a545-4691-b1ef-9d2a0965dc8a","Windows Server",32,34,594,"Austria","Shawn Reid","Amazon Web Services","Stopped","2023-05-08 20:21:44.000","{""costCenter"":823,""instanceId"":""i-23442731"",""name"":""debate""}"
"89d75479-c597-46f3-bcd7-a249083b7639","Windows Server",198,44,3363,"Bahrain","Linda Perez","Google Cloud Platform","Running","2023-05-01 20:29:52.000","{""costCenter"":824,""instanceId"":""3f1-bb-b769720d4132c5e"",""name"":""side""}"
"8a943865-ab9e-4c83-8363-35743d2524aa","CentOS",28,13,3372,"Jamaica","Vincent Dudley","Amazon Web Services","Stopped","2023-05-03 16:23:30.000","{""costCenter"":775,""instanceId"":""i-038d28ea"",""name"":""approach""}"
"8ab9e4c9-97d7-4e26-ac3e-2d805ca25b9f","Red Hat Enterprise Linux",248,26,2944,"Barbados","Amanda Johnson","Amazon Web Services","Running","2023-05-06 09:01:55.000","{""costCenter"":485,""instanceId"":""i-cd291511"",""name"":""positive""}"
"8ac1fb12-4706-4369-8515-42ef5cbb842a","Ubuntu",191,7,485,"Peru","Jessica Erickson","Microsoft Azure","Running","2023-05-01 21:17:20.000","{""costCenter"":722,""instanceId"":""i-e92101-39e8c-1201b"",""name"":""something""}"
"8ada3c0f-abb9-49af-88d9-d5435bdc118c","CentOS",178,64,3692,"Holy See (Vatican City State)","Sarah Anderson","Google Cloud Platform","Paused","2023-05-04 23:00:56.000","{""costCenter"":216,""instanceId"":""42c-b0-79cd188aa8bc780"",""name"":""what""}"
"8add8e15-83af-4cc3-ac4a-216e73e957c6","Debian",187,28,809,"Seychelles","Maria Adams","Google Cloud Platform","Paused","2023-05-03 23:47:58.000","{""costCenter"":732,""instanceId"":""aa6-46-4d4083da6c445dd"",""name"":""similar""}"
"8b4051af-e9d8-406e-a747-f5035f927e5a","Red Hat Enterprise Linux",54,26,676,"Solomon Islands","Emma Miller","Google Cloud Platform","Stopped","2023-05-08 14:45:17.000","{""costCenter"":402,""instanceId"":""13e-59-3ec14bcf5f2be5b"",""name"":""hair""}"
"8b75ac95-c01f-4d46-97bc-6d94452a0870","Red Hat Enterprise Linux",218,28,3981,"Aruba","Deborah Reyes","Amazon Web Services","Running","2023-05-06 06:11:55.000","{""costCenter"":403,""instanceId"":""i-2cab886f"",""name"":""through""}"
"8b7e8991-2999-43d3-997b-073d3818d28a","CentOS",142,41,1689,"Brazil","Ashley Hall","Google Cloud Platform","Running","2023-05-05 09:41:49.000","{""costCenter"":835,""instanceId"":""fbb-ec-f7ab7e4d58875d8"",""name"":""continue""}"
"8c042668-7e73-4771-9a6d-079e0b67b641","Windows Server",103,36,2537,"Switzerland","Melissa Gonzales","Amazon Web Services","Paused","2023-05-05 21:27:04.000","{""costCenter"":476,""instanceId"":""i-27e48e9c"",""name"":""state""}"
"8c45be8a-e911-48f9-8528-8b325f625be3","Windows Server",76,59,77,"Saint Lucia","William Summers","Google Cloud Platform","Stopped","2023-05-08 00:15:36.000","{""costCenter"":616,""instanceId"":""65b-d4-62e3d6dfd6127d8"",""name"":""ago""}"
"8c4ab0b6-e163-4c63-968f-020069ff9157","CentOS",225,12,3584,"Syrian Arab Republic","Jessica Jordan","Google Cloud Platform","Paused","2023-05-05 17:12:27.000","{""costCenter"":858,""instanceId"":""74b-42-8d9a46331a4ca6a"",""name"":""full""}"
"8c654999-d807-4a64-846f-3a32d94757b4","CentOS",88,10,1726,"Guatemala","Darrell Gordon","Google Cloud Platform","Stopped","2023-05-07 17:21:10.000","{""costCenter"":192,""instanceId"":""84c-55-8b3b794105c2265"",""name"":""hotel""}"
"8cf6b414-0d22-4b71-af68-9f7e036ed6c1","Ubuntu",81,11,124,"Hong Kong","Sandra Cooley","Amazon Web Services","Running","2023-05-06 19:19:27.000","{""costCenter"":657,""instanceId"":""i-54111666"",""name"":""none""}"
"8db4823e-f315-427d-8a87-58a4a0fad604","Ubuntu",65,24,3209,"Guam","Nicolas Blackwell","Amazon Web Services","Stopped","2023-05-09 09:53:55.000","{""costCenter"":725,""instanceId"":""i-3625c503"",""name"":""argue""}"
"8dc5ac73-9ac8-4e6f-a7ee-f5719abbfbd5","Debian",156,4,671,"Guernsey","Christine Landry","Microsoft Azure","Paused","2023-05-01 09:57:39.000","{""costCenter"":625,""instanceId"":""i-e971db-1acf5-e232f"",""name"":""actually""}"
"8ddd136f-2c0d-4141-9e31-89973096a6be","Windows Server",104,38,3142,"Cameroon","Timothy Garcia","Google Cloud Platform","Paused","2023-05-08 16:20:47.000","{""costCenter"":510,""instanceId"":""5b2-48-fe2a3336ef8d0ea"",""name"":""while""}"
"8dfdd19e-8b22-4795-9ca5-ba7dd724f0a1","Ubuntu",221,24,1442,"El Salvador","Alexis Flores","Amazon Web Services","Running","2023-05-08 13:25:43.000","{""costCenter"":746,""instanceId"":""i-3eec6172"",""name"":""degree""}"
"8e6739b9-670e-40a8-807a-504ab3e671b0","Red Hat Enterprise Linux",111,24,515,"Micronesia","James Gutierrez","Google Cloud Platform","Paused","2023-05-07 03:22:28.000","{""costCenter"":788,""instanceId"":""fb7-0d-dc2326df14e505d"",""name"":""the""}"
"8e9e6fba-c47d-4067-bcfb-c8969251c8f6","Ubuntu",176,27,3182,"Trinidad and Tobago","Christina Bryant","Google Cloud Platform","Stopped","2023-05-02 00:54:06.000","{""costCenter"":333,""instanceId"":""8d4-14-d6e8433467a7662"",""name"":""government""}"
"8ee7a978-0641-441c-bea6-ed7d3066dd06","Windows Server",155,9,1189,"Korea","Thomas Collins","Amazon Web Services","Paused","2023-05-05 02:39:57.000","{""costCenter"":186,""instanceId"":""i-c069e4df"",""name"":""environment""}"
"8f00bd18-a64d-4c1f-80f3-8524a65cb326","Windows Server",221,53,1497,"Rwanda","Jessica Mullen","Amazon Web Services","Paused","2023-05-07 21:38:55.000","{""costCenter"":602,""instanceId"":""i-e527ecad"",""name"":""with""}"
"8f657683-94ab-4c6a-aaf9-5af3757ff7a0","Red Hat Enterprise Linux",104,45,1509,"Belgium","Mitchell Cuevas","Google Cloud Platform","Stopped","2023-05-03 16:19:30.000","{""costCenter"":420,""instanceId"":""d61-60-c4f5b870f065ad3"",""name"":""foreign""}"
"8f9526c1-26fa-4155-9dd9-e27ee6a00e50","Windows Server",85,31,2680,"Korea","Sherri Thomas","Amazon Web Services","Stopped","2023-05-07 05:53:06.000","{""costCenter"":751,""instanceId"":""i-fa5b92bf"",""name"":""probably""}"
"8fbaf4a5-44fa-4b28-ba43-3ac8dee6d5b0","Red Hat Enterprise Linux",137,57,3339,"Palestinian Territory","Brenda Johnson","Microsoft Azure","Stopped","2023-05-04 00:11:28.000","{""costCenter"":895,""instanceId"":""i-a85880-967d3-853da"",""name"":""fill""}"
"8fecb262-c5b6-4bb2-a0b8-cc4facc37636","Debian",19,48,2374,"Serbia","Kelly Obrien","Google Cloud Platform","Paused","2023-05-01 09:57:25.000","{""costCenter"":784,""instanceId"":""b86-1e-db370e4da52979d"",""name"":""entire""}"
"907f01f4-4fb4-46f4-b727-ebd3c4082883","Ubuntu",47,27,3907,"Turks and Caicos Islands","Roy Nichols","Google Cloud Platform","Stopped","2023-05-06 20:18:15.000","{""costCenter"":804,""instanceId"":""8fd-28-64204112630e256"",""name"":""protect""}"
"91a4ea1b-39b3-4a52-8389-c87004e1f914","Ubuntu",142,7,2142,"Panama","Christopher Bowers","Google Cloud Platform","Stopped","2023-05-04 22:23:14.000","{""costCenter"":238,""instanceId"":""0a9-61-038ef85003e015d"",""name"":""along""}"
"91dcb93a-038b-4a04-ac66-80a15f059e6e","Ubuntu",252,42,84,"French Southern Territories","Roger Foster","Microsoft Azure","Paused","2023-05-06 03:10:41.000","{""costCenter"":235,""instanceId"":""i-146d95-e19ae-08837"",""name"":""shake""}"
"92208dc5-a4af-4c79-b5b2-d92c343f3ad4","Debian",118,22,3329,"Lao People's Democratic Republic","Cassandra Diaz","Microsoft Azure","Paused","2023-05-01 06:06:00.000","{""costCenter"":772,""instanceId"":""i-f83b2f-f5add-96aa8"",""name"":""more""}"
"9238ea86-bec5-4904-8a3b-c5ab17b7021b","Windows Server",60,30,1427,"Bolivia","Vincent Henderson","Google Cloud Platform","Stopped","2023-05-08 20:46:18.000","{""costCenter"":140,""instanceId"":""7e5-e1-5263a7288ea93ce"",""name"":""history""}"
"927fa8b0-0e8b-41a5-bbf4-3709c5f10514","Red Hat Enterprise Linux",239,21,1277,"Moldova","Alicia Johnston","Microsoft Azure","Stopped","2023-05-03 08:34:42.000","{""costCenter"":739,""instanceId"":""i-7dfd43-e6735-94cc3"",""name"":""indeed""}"
"927fdaee-58ad-4d9a-b811-7c69fe0e0169","Debian",48,2,3808,"Afghanistan","Brianna Lowe","Amazon Web Services","Stopped","2023-05-01 12:54:28.000","{""costCenter"":565,""instanceId"":""i-00b21648"",""name"":""industry""}"
"9298bbf3-fbcb-4656-a44e-a5084187536e","Windows Server",145,43,2765,"Guatemala","Nicole Wagner","Microsoft Azure","Paused","2023-05-02 20:03:45.000","{""costCenter"":460,""instanceId"":""i-180a25-e5f45-a88a8"",""name"":""half""}"
"92a4774b-a43e-4833-81df-453361ad5bfb","Debian",14,57,723,"Benin","Mariah Li","Microsoft Azure","Stopped","2023-05-05 08:15:00.000","{""costCenter"":316,""instanceId"":""i-4d6512-6a745-d78ff"",""name"":""attorney""}"
"92ef9511-e0f2-485f-a50e-9caf00c094b2","CentOS",59,2,2555,"Tokelau","Justin Brown","Microsoft Azure","Paused","2023-05-03 11:14:09.000","{""costCenter"":132,""instanceId"":""i-9e9a63-06b0c-3a8e8"",""name"":""defense""}"
"9316b187-1716-4f25-86cd-7a41b234028c","Debian",244,52,2999,"Cuba","Michelle Schultz","Google Cloud Platform","Stopped","2023-05-02 09:59:48.000","{""costCenter"":645,""instanceId"":""b38-34-29907c3020a13b4"",""name"":""strong""}"
"932e2661-ba5a-4571-8b31-23d4428bc206","Windows Server",137,16,2116,"Libyan Arab Jamahiriya","Brian Lane","Google Cloud Platform","Paused","2023-05-06 23:12:57.000","{""costCenter"":205,""instanceId"":""775-da-4f6c76f84ee7bf2"",""name"":""room""}"
"9360674b-3666-4a43-bc9a-6cfd1e00a031","Windows Server",112,64,3991,"Kiribati","Gregory Moody","Microsoft Azure","Paused","2023-05-03 14:39:23.000","{""costCenter"":962,""instanceId"":""i-1f3644-880e7-507ac"",""name"":""it""}"
"94236d53-1b50-464c-be2a-0ea6dad726dc","CentOS",178,16,3827,"Morocco","Stephanie Miller","Google Cloud Platform","Running","2023-05-06 22:42:28.000","{""costCenter"":283,""instanceId"":""c8f-9c-5ed8a50b853773f"",""name"":""new""}"
"94c05264-294e-4f30-b353-3c7a6d1b939f","Ubuntu",101,39,1376,"Austria","Jane Liu","Google Cloud Platform","Running","2023-05-05 20:54:16.000","{""costCenter"":861,""instanceId"":""bc2-34-60c6937aead2caf"",""name"":""beat""}"
"953d5fa7-fc68-4a26-b170-bc03cd406cf4","Windows Server",41,46,371,"Russian Federation","Glenn Greene","Google Cloud Platform","Stopped","2023-05-02 02:11:51.000","{""costCenter"":841,""instanceId"":""0fc-dc-43248a7280bbda7"",""name"":""forget""}"
"9568c49d-fb7e-47b9-bcd0-405b6a8c3666","Red Hat Enterprise Linux",7,55,2716,"Seychelles","Timothy Ball","Microsoft Azure","Running","2023-05-09 03:11:12.000","{""costCenter"":765,""instanceId"":""i-16ce5a-0b030-a59a9"",""name"":""opportunity""}"
"957eef0d-c1a8-41fa-964f-15a4f3521217","Ubuntu",123,27,3918,"Thailand","Sara White","Google Cloud Platform","Paused","2023-05-09 01:43:27.000","{""costCenter"":245,""instanceId"":""868-0f-c182a79ef38715e"",""name"":""example""}"
"95be61b3-eb5e-4af5-9f0d-825bde37b8ca","CentOS",115,39,2916,"Bolivia","Lonnie Jones","Amazon Web Services","Stopped","2023-05-04 09:04:35.000","{""costCenter"":516,""instanceId"":""i-8b73fc0f"",""name"":""Mrs""}"
"96c64018-356a-40ff-8617-7f133a629737","Windows Server",2,51,1411,"United States of America","Kelly Rodriguez","Google Cloud Platform","Stopped","2023-05-04 10:50:10.000","{""costCenter"":416,""instanceId"":""cde-f7-cc4350791ec3890"",""name"":""town""}"
"9756b972-77a0-493e-943f-2b6de7b23627","CentOS",221,56,3853,"Sao Tome and Principe","Judith Johnson","Google Cloud Platform","Stopped","2023-05-07 16:10:56.000","{""costCenter"":184,""instanceId"":""e4d-6b-a6caa37cc711fab"",""name"":""resource""}"
"97fa41fc-a39c-48e5-b8c4-749faa36bb98","Ubuntu",193,48,3647,"Slovakia (Slovak Republic)","Melissa Martin","Google Cloud Platform","Paused","2023-05-07 21:41:56.000","{""costCenter"":157,""instanceId"":""e22-4b-92e0180e30c2654"",""name"":""and""}"
"9850933f-6c34-40ae-a2b0-4e48df5e6c59","Debian",52,36,4060,"Turks and Caicos Islands","Dana Mills","Amazon Web Services","Stopped","2023-05-03 01:51:49.000","{""costCenter"":252,""instanceId"":""i-52cd1fba"",""name"":""great""}"
"9852fc65-6213-4c4e-848e-fcb34df590fa","Ubuntu",181,20,529,"Turkmenistan","Jose Arnold","Google Cloud Platform","Running","2023-05-05 05:58:25.000","{""costCenter"":830,""instanceId"":""bb8-3e-c66c6110054acc6"",""name"":""structure""}"
"9857a0ff-c4ba-433c-9df7-cf29bae2d75c","Windows Server",56,57,842,"Liberia","Debra Lawson","Microsoft Azure","Paused","2023-05-05 19:36:00.000","{""costCenter"":558,""instanceId"":""i-a3b895-1ed48-752da"",""name"":""sell""}"
"986b812e-aa69-4687-ba3c-2a46b9c80eb1","CentOS 7",64,4,500,"us-west-1","Ryan O'Connell","Amazon Web Services","Running","2023-05-07 23:24:51.000","{""costCenter"":421,""instanceId"":""i-922c6a49"",""name"":""hunters""}"
"9889c5ff-0d1e-4885-aba2-5dd2f581ee87","Windows Server",255,54,2158,"Grenada","James Fleming","Amazon Web Services","Running","2023-05-06 22:51:06.000","{""costCenter"":826,""instanceId"":""i-370a1943"",""name"":""national""}"
"98b3c471-a9cb-4b12-9e21-43c1e50a30d1","Windows Server",247,63,1985,"Mauritania","Mrs. Katrina Green","Google Cloud Platform","Paused","2023-05-07 08:27:12.000","{""costCenter"":498,""instanceId"":""796-be-6b1c292cb78244b"",""name"":""whole""}"
"98eec3da-5e80-4267-be0e-89a8e2857736","Debian",92,48,1297,"Hungary","Angel Nelson","Microsoft Azure","Stopped","2023-05-06 15:48:24.000","{""costCenter"":857,""instanceId"":""i-b129a9-5ff8c-f977c"",""name"":""kind""}"
"990d0e85-a841-424f-bc71-fbf78ce499ea","CentOS",46,47,919,"Iceland","Jessica Martinez","Google Cloud Platform","Paused","2023-05-04 22:40:47.000","{""costCenter"":126,""instanceId"":""1a1-d6-5e38336c018b4f3"",""name"":""suggest""}"
"9986832e-f406-4aff-b7be-d120ffb17cb5","CentOS",184,42,2032,"Greece","Taylor Lee","Amazon Web Services","Paused","2023-05-02 09:40:57.000","{""costCenter"":364,""instanceId"":""i-7179ad3d"",""name"":""environment""}"
"9a01647d-85ac-4e5d-ac1a-f3007cedbee4","CentOS",39,15,1747,"Seychelles","Nicole Love","Amazon Web Services","Running","2023-05-07 23:27:29.000","{""costCenter"":811,""instanceId"":""i-a3e64c19"",""name"":""thank""}"
"9a0d4fec-0cf2-4b51-948f-af39516a93a2","Red Hat Enterprise Linux",251,32,523,"Norfolk Island","Andre Harris","Amazon Web Services","Paused","2023-05-07 13:27:53.000","{""costCenter"":363,""instanceId"":""i-e7714f2e"",""name"":""great""}"
"9a2d1200-5799-47e8-b23f-a5d1c5851723","Debian",84,36,1325,"Paraguay","Shannon Powers","Amazon Web Services","Running","2023-05-01 01:51:49.000","{""costCenter"":436,""instanceId"":""i-0040597a"",""name"":""age""}"
"9a613d7b-ed8b-487d-ac65-87daf48d8a40","Debian",181,51,3087,"Oman","Edward Moore","Microsoft Azure","Paused","2023-05-01 11:57:27.000","{""costCenter"":785,""instanceId"":""i-974017-9bb7e-2ab28"",""name"":""staff""}"
"9a65a6ce-3c41-44fe-801f-d982f4afc1c5","Red Hat Enterprise Linux",173,21,871,"Svalbard & Jan Mayen Islands","Kelsey Perez","Google Cloud Platform","Paused","2023-05-05 20:17:33.000","{""costCenter"":171,""instanceId"":""1df-e7-e2249e5f3d282f4"",""name"":""return""}"
"9ad636f2-bb99-40af-9346-d9d70436ae55","Windows Server",88,36,2521,"Samoa","Maria Thompson","Microsoft Azure","Running","2023-05-02 17:52:14.000","{""costCenter"":783,""instanceId"":""i-7e61bc-64e89-7dddf"",""name"":""bit""}"
"9afa77ad-b4ac-47b2-a47e-3e51bca4cbbc","Debian",59,48,1343,"Antigua and Barbuda","Brandon Weaver","Google Cloud Platform","Running","2023-05-04 17:47:01.000","{""costCenter"":824,""instanceId"":""bf1-c0-8bc4343dfbb428d"",""name"":""thing""}"
"9b873b94-c7bb-45c2-b1ce-b3e4cb24382c","Ubuntu",179,63,596,"Guernsey","Cynthia Hill","Google Cloud Platform","Running","2023-05-02 17:09:07.000","{""costCenter"":581,""instanceId"":""10d-26-a32d87a937f3d39"",""name"":""blue""}"
"9bdbb574-7ebb-4f74-acf9-5b9c27615f30","CentOS",164,63,3025,"Solomon Islands","Jordan Richards","Amazon Web Services","Running","2023-05-03 03:41:24.000","{""costCenter"":602,""instanceId"":""i-1f09b047"",""name"":""opportunity""}"
"9c320ceb-0130-4e53-a39f-fcff6c2840fc","Red Hat Enterprise Linux",150,51,736,"Iraq","Michael Brown","Microsoft Azure","Stopped","2023-05-09 07:00:37.000","{""costCenter"":502,""instanceId"":""i-915fe9-43fd8-7fd04"",""name"":""since""}"
"9c36545d-d165-4c7c-9cd1-ed0f92fc51aa","Debian",196,38,2532,"Montserrat","Brandon Davis","Amazon Web Services","Running","2023-05-02 15:44:36.000","{""costCenter"":323,""instanceId"":""i-d51cbe86"",""name"":""network""}"
"9c6daad7-3810-48db-a552-7649c9025682","Ubuntu",246,40,1268,"Central African Republic","Heather Johnson","Microsoft Azure","Stopped","2023-05-03 12:05:47.000","{""costCenter"":440,""instanceId"":""i-e914f3-ea2ac-3c970"",""name"":""say""}"
"9c9bab79-adc2-4883-afa8-60c44cf4f8cb","Red Hat Enterprise Linux",222,58,3269,"Niger","Stephanie Campbell","Google Cloud Platform","Stopped","2023-05-05 14:35:11.000","{""costCenter"":843,""instanceId"":""18b-ad-722523b9d23effc"",""name"":""fact""}"
"9ccae7ce-c57d-40a4-b2b1-e67c708689cf","Red Hat Enterprise Linux",103,19,491,"Barbados","Kenneth Miles","Microsoft Azure","Stopped","2023-05-03 18:45:06.000","{""costCenter"":235,""instanceId"":""i-f44b58-2ba08-e614a"",""name"":""serve""}"
"9d8a9382-b25b-497e-b82c-c8c7cbe613db","Windows Server",30,50,3938,"Samoa","Daniel Harrison","Google Cloud Platform","Running","2023-05-08 23:29:42.000","{""costCenter"":923,""instanceId"":""749-85-52f53180ee42ed9"",""name"":""site""}"
"9d8e789c-0c84-4b61-9f08-8f1ecadb48e4","Red Hat Enterprise Linux",35,40,1568,"Jordan","James Valentine","Amazon Web Services","Paused","2023-05-09 02:49:08.000","{""costCenter"":878,""instanceId"":""i-f6356da3"",""name"":""face""}"
"9dca918d-aa20-422d-979d-705b4e51f4a5","CentOS",99,48,321,"Faroe Islands","Joshua Brandt","Microsoft Azure","Running","2023-05-07 06:37:10.000","{""costCenter"":144,""instanceId"":""i-870169-77146-99167"",""name"":""feel""}"
"9ddecdc8-a485-42b7-b869-a70e42357e2c","Windows Server",93,6,431,"Pakistan","Kimberly Kennedy","Google Cloud Platform","Paused","2023-05-01 12:07:50.000","{""costCenter"":409,""instanceId"":""2db-04-6abe16c9565a162"",""name"":""bed""}"
"9e0544cd-c0fb-45f5-be20-211b8dfe31f4","Red Hat Enterprise Linux",40,25,3526,"Oman","Danny Osborne","Amazon Web Services","Stopped","2023-05-04 05:46:35.000","{""costCenter"":867,""instanceId"":""i-2ec36e03"",""name"":""first""}"
"9e0ee8ca-ca3d-4d70-a21b-256b3af9cb74","Red Hat Enterprise Linux",189,39,1806,"Kuwait","Stacey Thomas","Microsoft Azure","Stopped","2023-05-07 07:23:41.000","{""costCenter"":737,""instanceId"":""i-f27822-a7e72-7e814"",""name"":""theory""}"
"9e2991fc-f627-49a1-a93e-6d4d2ccec341","Red Hat Enterprise Linux",24,63,3589,"Antarctica (the territory South of 60 deg S)","Brandy Caldwell","Amazon Web Services","Paused","2023-05-09 09:02:31.000","{""costCenter"":408,""instanceId"":""i-bf9e351d"",""name"":""remain""}"
"9e400394-82a5-4659-b7a2-ea79a9f56229","Windows Server",174,12,1897,"Martinique","Ricky Harrison","Google Cloud Platform","Stopped","2023-05-05 20:00:40.000","{""costCenter"":274,""instanceId"":""ed2-90-ca80e6776ec39cb"",""name"":""wear""}"
"9e665efb-14b8-40a6-a8dd-19920123ce8f","Red Hat Enterprise Linux",23,37,989,"Poland","Antonio Scott","Amazon Web Services","Paused","2023-05-03 20:19:52.000","{""costCenter"":704,""instanceId"":""i-25164bb5"",""name"":""walk""}"
"9e76ebd9-30f9-4185-9455-c309a91994fc","CentOS",33,5,1733,"Guatemala","Laurie Keith","Google Cloud Platform","Stopped","2023-05-02 13:03:22.000","{""costCenter"":561,""instanceId"":""f21-f8-4f2ecba71f42d5d"",""name"":""million""}"
"9e8f13c4-6700-4e39-9e1e-463700f3add3","Debian",160,5,2607,"Cameroon","Tammy Davis","Google Cloud Platform","Stopped","2023-05-02 03:07:43.000","{""costCenter"":773,""instanceId"":""adb-39-863407586cb31e0"",""name"":""house""}"
"9ef06e5d-13b2-45f5-b37c-6eb066292066","Debian",19,51,3976,"Portugal","Mrs. Ashley Miller","Microsoft Azure","Stopped","2023-05-04 06:20:48.000","{""costCenter"":721,""instanceId"":""i-279de8-800c7-22e13"",""name"":""news""}"
"9efa8967-79c2-4aea-8de6-65bdecbc15f4","Red Hat Enterprise Linux",23,41,962,"Sweden","Taylor Coleman","Amazon Web Services","Stopped","2023-05-02 21:58:18.000","{""costCenter"":303,""instanceId"":""i-8e037bf6"",""name"":""number""}"
"9f454a44-ace0-4f0c-aa52-5bee62a6c87d","Debian",74,5,3572,"Thailand","Nicholas Orozco","Amazon Web Services","Paused","2023-05-02 09:17:36.000","{""costCenter"":191,""instanceId"":""i-39d53b36"",""name"":""sure""}"
"9f87ddba-6045-4257-9e0d-2e5dfc21a18a","Windows Server",80,58,2407,"Mauritius","Alexander Torres","Amazon Web Services","Paused","2023-05-03 07:35:54.000","{""costCenter"":107,""instanceId"":""i-bef8b205"",""name"":""thousand""}"
"a078f17f-b5ce-41dd-9097-4056438d20db","Red Hat Enterprise Linux",124,60,2489,"Holy See (Vatican City State)","Jennifer Baker","Microsoft Azure","Stopped","2023-05-08 08:50:00.000","{""costCenter"":531,""instanceId"":""i-447c17-a765f-a16ed"",""name"":""sign""}"
"a0ade620-eb97-4b22-af55-b3bd06c886ba","Red Hat Enterprise Linux",21,8,726,"Uzbekistan","Rhonda Bell DVM","Amazon Web Services","Stopped","2023-05-08 13:51:57.000","{""costCenter"":210,""instanceId"":""i-ef9ad458"",""name"":""option""}"
"a0b9305f-ea64-4545-9e18-cb75d8eee6b2","Windows Server",9,58,2277,"Andorra","Larry Weiss","Amazon Web Services","Paused","2023-05-09 01:07:02.000","{""costCenter"":376,""instanceId"":""i-17f3961f"",""name"":""author""}"
"a0e4b4f8-b7ef-4f49-a767-4ec1bc77248b","Ubuntu",253,43,3773,"Trinidad and Tobago","Kevin Reynolds","Microsoft Azure","Running","2023-05-06 10:23:35.000","{""costCenter"":793,""instanceId"":""i-792a19-15f96-8a8fc"",""name"":""parent""}"
"a108a3f8-b756-4ef9-a24d-0aba06da0fd5","Red Hat Enterprise Linux",189,43,2463,"Sao Tome and Principe","Jodi Williams","Amazon Web Services","Stopped","2023-05-04 01:13:28.000","{""costCenter"":979,""instanceId"":""i-bfa18a70"",""name"":""still""}"
"a2250814-e9d5-4c21-9380-ef0074411202","Debian",62,24,3702,"Kazakhstan","Dillon Erickson","Google Cloud Platform","Paused","2023-05-03 13:55:09.000","{""costCenter"":581,""instanceId"":""7e4-41-766728995237b5d"",""name"":""owner""}"
"a244b517-6cbf-436d-acf3-3aaacccf7112","Ubuntu",91,14,639,"Montserrat","Melissa Mcconnell","Amazon Web Services","Paused","2023-05-01 20:11:03.000","{""costCenter"":570,""instanceId"":""i-8532234b"",""name"":""teacher""}"
"a2e686a7-72c4-45aa-aafc-5ac95fcb79f8","Ubuntu",182,24,3629,"Zimbabwe","Brian Shah","Google Cloud Platform","Paused","2023-05-01 01:47:35.000","{""costCenter"":428,""instanceId"":""69c-8c-81ed8c2824f58e0"",""name"":""policy""}"
"a35b8835-0123-4347-8097-2dd52bcfa005","Ubuntu",213,31,3600,"Montenegro","Wayne Day","Amazon Web Services","Stopped","2023-05-02 13:48:54.000","{""costCenter"":337,""instanceId"":""i-f763e5ed"",""name"":""month""}"
"a3f2145e-4993-4a1c-864a-690b77ed2430","Ubuntu",85,44,2861,"Saint Barthelemy","Sara Anderson","Amazon Web Services","Stopped","2023-05-05 21:00:47.000","{""costCenter"":508,""instanceId"":""i-d68d11c0"",""name"":""hold""}"
"a428fae0-adf5-4292-893e-8da675b54bbe","CentOS",219,31,3104,"Finland","Theresa Griffin","Amazon Web Services","Stopped","2023-05-09 06:07:08.000","{""costCenter"":987,""instanceId"":""i-183a3a63"",""name"":""short""}"
"a555e51a-3aee-4f64-aca7-0c18cd813272","Red Hat Enterprise Linux",30,21,2308,"Luxembourg","Christopher Hansen","Microsoft Azure","Paused","2023-05-06 07:04:57.000","{""costCenter"":497,""instanceId"":""i-fb8fa2-b72f3-36ab2"",""name"":""away""}"
"a5ed5e58-ffb0-4ffb-b320-cc5e2a4ad62a","Red Hat Enterprise Linux",111,64,2987,"Senegal","Natalie Miller","Amazon Web Services","Stopped","2023-05-05 13:09:35.000","{""costCenter"":163,""instanceId"":""i-569f292e"",""name"":""former""}"
"a6199ced-17e1-4693-9b6b-002b14380318","Debian",54,39,1117,"Uruguay","Elizabeth Turner","Google Cloud Platform","Paused","2023-05-09 10:13:43.000","{""costCenter"":828,""instanceId"":""f76-1f-49753801a3126a2"",""name"":""on""}"
"a6a8d7f1-f5d9-4e3b-88e9-afddf575934f","Windows Server",93,9,372,"Afghanistan","Matthew Carr","Microsoft Azure","Stopped","2023-05-01 06:06:51.000","{""costCenter"":145,""instanceId"":""i-0f4b8f-3e169-e57f4"",""name"":""shake""}"
"a736ac95-7cdb-4678-bc05-4c83e8b1bff1","Windows Server",188,50,2714,"Myanmar","Krista Ray","Google Cloud Platform","Running","2023-05-02 13:54:49.000","{""costCenter"":259,""instanceId"":""b0d-9c-4ce3ae92448ce98"",""name"":""cut""}"
"a74ea49e-d4cd-488a-b6e6-c112219723b2","Red Hat Enterprise Linux",48,55,2993,"Puerto Rico","Kayla Roman","Amazon Web Services","Paused","2023-05-01 21:29:42.000","{""costCenter"":136,""instanceId"":""i-5a3d085d"",""name"":""always""}"
"a7921e54-7f83-4b9c-9965-6f8cbc5a574f","Ubuntu",172,43,1591,"Saint Lucia","Anthony Mcclain","Amazon Web Services","Paused","2023-05-04 18:35:29.000","{""costCenter"":287,""instanceId"":""i-fe151169"",""name"":""finally""}"
"a8173baa-f920-463e-9ff3-c06f319917f1","Debian",174,49,3329,"Botswana","Francis Lozano","Amazon Web Services","Paused","2023-05-02 07:38:34.000","{""costCenter"":202,""instanceId"":""i-9a793be3"",""name"":""suffer""}"
"a864dabe-7ecf-4186-a3b8-a1195ab18cb8","Windows Server",43,49,143,"Cyprus","Katie Johnson","Microsoft Azure","Stopped","2023-05-05 08:35:50.000","{""costCenter"":159,""instanceId"":""i-99d462-1c62b-b89ef"",""name"":""purpose""}"
"a8dbe534-2e81-41e9-b437-ae569a0b1788","CentOS",29,62,1098,"Mayotte","Lori Floyd","Microsoft Azure","Running","2023-05-06 00:52:06.000","{""costCenter"":636,""instanceId"":""i-537bd5-30924-91dee"",""name"":""section""}"
"a8ec7224-4c52-4ca4-9990-e9087d758089","Ubuntu",238,25,1412,"Dominica","Christine Randall","Google Cloud Platform","Stopped","2023-05-09 01:58:52.000","{""costCenter"":241,""instanceId"":""b0d-d4-5e1d406e92c8772"",""name"":""go""}"
"a9169679-3c34-4f11-98b8-b18b1596170a","Ubuntu",11,33,3461,"China","Stacy Torres","Google Cloud Platform","Paused","2023-05-05 23:31:46.000","{""costCenter"":878,""instanceId"":""c79-47-55f4f310b66bc69"",""name"":""himself""}"
"a951c7aa-c479-4712-b0df-c53d936cc08d","Windows Server 2019",128,16,2048,"us-west-2","Eugene Choi","Amazon Web Services","Running","2023-05-08 12:23:33.000","{""costCenter"":701,""instanceId"":""i-b23d61c4"",""name"":""right-on""}"
"a95edbcc-275a-49a5-99e2-c2c6b1961cac","Red Hat Enterprise Linux",180,42,3883,"Isle of Man","Luke Obrien","Microsoft Azure","Stopped","2023-05-01 16:07:48.000","{""costCenter"":363,""instanceId"":""i-4ff877-c411d-cac1a"",""name"":""employee""}"
"a98c8402-54c2-49b4-a528-9ddf5307de2a","Debian",216,5,3766,"Mali","Margaret Cunningham","Google Cloud Platform","Running","2023-05-06 06:32:00.000","{""costCenter"":287,""instanceId"":""b64-e4-a282bea727864e3"",""name"":""edge""}"
"a992ed7a-5142-4f2c-bf0b-e40a77031c20","CentOS",105,52,1474,"Uruguay","Joseph Johnson","Google Cloud Platform","Paused","2023-05-04 10:19:45.000","{""costCenter"":275,""instanceId"":""969-a3-e5ea0bbe3c96ca3"",""name"":""would""}"
"aa4312bc-7209-43f6-a577-26843772b2d4","Ubuntu",197,6,1161,"Gibraltar","Cristian Kaiser","Google Cloud Platform","Running","2023-05-07 09:18:19.000","{""costCenter"":326,""instanceId"":""e6a-e6-6225b7bad7a0e3a"",""name"":""benefit""}"
"aabce339-adb6-424c-88d3-cb94059f90aa","Ubuntu",54,41,983,"Iran","Dr. Jeffery Blevins","Google Cloud Platform","Running","2023-05-05 19:26:34.000","{""costCenter"":124,""instanceId"":""8e4-26-2a17637fb88b7cf"",""name"":""challenge""}"
"aaee40e1-c9fc-4574-a5e7-f97b95c87a32","Windows Server",231,35,3361,"Bolivia","Alyssa Collins","Amazon Web Services","Paused","2023-05-08 09:03:44.000","{""costCenter"":516,""instanceId"":""i-75165ae3"",""name"":""thousand""}"
"ab127f50-c2d7-420d-83fe-bca11a00522f","Ubuntu",7,53,785,"Algeria","Jacob Sullivan","Google Cloud Platform","Running","2023-05-04 18:46:48.000","{""costCenter"":602,""instanceId"":""973-e6-ce96ec9d3fad175"",""name"":""health""}"
"aba46451-931a-4ff0-a6fb-c9f880d01743","Debian",8,34,3699,"Israel","Pamela Taylor","Google Cloud Platform","Running","2023-05-04 04:27:35.000","{""costCenter"":937,""instanceId"":""256-e4-2af4ef4d4ab5377"",""name"":""political""}"
"abe89f0a-f8f1-4278-bfe2-43538e2320d1","Windows Server",213,9,1684,"French Polynesia","Lisa Mcbride","Microsoft Azure","Paused","2023-05-09 08:14:58.000","{""costCenter"":399,""instanceId"":""i-fbc311-8f12e-193a1"",""name"":""finish""}"
"abf85553-6ddd-411d-abed-9856dadc3531","Ubuntu",26,57,3199,"Libyan Arab Jamahiriya","David Williams","Microsoft Azure","Paused","2023-05-07 14:12:35.000","{""costCenter"":435,""instanceId"":""i-b18ef2-e4b9b-1e0f3"",""name"":""area""}"
"ac06f566-6658-4c1b-aafd-5f2267987111","Ubuntu",157,26,4016,"Lebanon","Dr. Connor Huffman MD","Google Cloud Platform","Running","2023-05-06 01:54:01.000","{""costCenter"":344,""instanceId"":""893-6f-26cd2ef80b54e54"",""name"":""grow""}"
"acff4a69-4051-4d3a-82bc-b508125c6a42","Windows Server",236,12,2048,"French Guiana","Cindy Acevedo","Amazon Web Services","Running","2023-05-06 02:16:33.000","{""costCenter"":935,""instanceId"":""i-51cb0e7b"",""name"":""agent""}"
"ad310bd1-c22d-40a2-be66-29b499d44dd3","CentOS",128,39,2789,"Malaysia","Mrs. Barbara Byrd","Microsoft Azure","Running","2023-05-02 07:02:10.000","{""costCenter"":896,""instanceId"":""i-658463-92f91-934ba"",""name"":""than""}"
"ae899093-c104-4e03-b115-ef1d39edaeef","Debian",183,27,554,"Lebanon","Julian Reid","Google Cloud Platform","Stopped","2023-05-03 06:23:28.000","{""costCenter"":988,""instanceId"":""bd8-b5-1cfc0eadae0fdfb"",""name"":""pay""}"
"aef1b9b2-4675-4b73-9b28-11ab5502931a","Windows Server",50,36,3772,"Netherlands Antilles","Veronica Reilly","Google Cloud Platform","Stopped","2023-05-08 21:09:21.000","{""costCenter"":460,""instanceId"":""b0a-66-3c8f8aa8dbd8b01"",""name"":""magazine""}"
"af179ca5-4ae4-4c70-bdac-27de5c16f052","CentOS",14,46,133,"United Arab Emirates","Christine Nguyen","Google Cloud Platform","Paused","2023-05-06 07:06:45.000","{""costCenter"":198,""instanceId"":""bcd-98-65953fe4c326975"",""name"":""quality""}"
"af330717-58d7-4ddf-9bb2-d6461e9873d3","Ubuntu",151,10,82,"Saint Helena","Dakota Marquez","Amazon Web Services","Paused","2023-05-05 10:50:15.000","{""costCenter"":736,""instanceId"":""i-68c04d2e"",""name"":""message""}"
"af4e39a9-b8fe-43e6-9189-1b4fcc62b0da","Windows Server",233,11,2515,"Lesotho","Dr. Eric Diaz","Amazon Web Services","Running","2023-05-01 07:33:45.000","{""costCenter"":511,""instanceId"":""i-7c54b8b1"",""name"":""daughter""}"
"af8efeb2-5628-4970-af02-52f0ed2ca4f4","Debian",223,5,2619,"Brazil","Harry Wilkerson","Amazon Web Services","Stopped","2023-05-02 10:03:09.000","{""costCenter"":352,""instanceId"":""i-6e421a56"",""name"":""color""}"
"afa3bd53-56d0-4cf3-8089-c820fc1c10ce","Ubuntu",112,2,2480,"Saint Pierre and Miquelon","Sandra Gonzalez","Amazon Web Services","Paused","2023-05-03 03:11:37.000","{""costCenter"":840,""instanceId"":""i-e38fca15"",""name"":""admit""}"
"afc67adb-651c-418f-a2a2-d6da8daa525c","Ubuntu",61,54,99,"Andorra","Gregory Cortez","Microsoft Azure","Paused","2023-05-09 16:50:46.000","{""costCenter"":821,""instanceId"":""i-0ef34d-2ed92-942be"",""name"":""already""}"
"aff1b31c-44d8-484a-b685-131ea5a09ae3","Debian",252,60,3316,"Central African Republic","Matthew Madden","Google Cloud Platform","Running","2023-05-02 11:29:32.000","{""costCenter"":134,""instanceId"":""acb-29-3d757aaf7c632a7"",""name"":""travel""}"
"b02c13c0-1738-43e6-83f5-845f2a96277b","Red Hat Enterprise Linux",45,13,1446,"Malaysia","Kristine Davis","Microsoft Azure","Stopped","2023-05-02 11:46:25.000","{""costCenter"":299,""instanceId"":""i-cb704d-8dffe-17b4f"",""name"":""last""}"
"b061f12b-4707-4193-bd7f-dbf03a3dc52b","Debian",9,35,286,"Paraguay","Patrick Barry","Google Cloud Platform","Running","2023-05-02 21:05:46.000","{""costCenter"":743,""instanceId"":""1b5-38-75957ce23f0ce69"",""name"":""test""}"
"b0a88824-f8aa-420d-b57e-a0184b1bddad","CentOS",135,58,2161,"Zimbabwe","Tiffany Parrish","Google Cloud Platform","Stopped","2023-05-01 19:05:41.000","{""costCenter"":585,""instanceId"":""06b-ae-eff420130d22b4d"",""name"":""control""}"
"b0f1316d-202c-4479-8478-8b8afa05bf23","CentOS",20,40,444,"Ghana","Lisa Jackson","Google Cloud Platform","Paused","2023-05-07 02:03:47.000","{""costCenter"":170,""instanceId"":""093-71-cafeab10cc3216a"",""name"":""determine""}"
"b1640ec6-12ae-4347-935c-4c713f23416a","Windows Server",227,52,2434,"Sudan","Patrick Peters","Amazon Web Services","Running","2023-05-05 06:47:15.000","{""costCenter"":260,""instanceId"":""i-503454ab"",""name"":""condition""}"
"b228fd81-2c01-478f-8e0d-509adf86df79","CentOS",204,62,907,"Mongolia","Sean Reeves","Microsoft Azure","Running","2023-05-06 20:39:11.000","{""costCenter"":956,""instanceId"":""i-9c9549-e16d3-9d1eb"",""name"":""again""}"
"b25928d0-6e28-4d6c-a923-bcb95fb05eee","Debian",226,56,1300,"Turks and Caicos Islands","Tracy Owens","Google Cloud Platform","Running","2023-05-03 11:27:13.000","{""costCenter"":464,""instanceId"":""0eb-8d-7ad3730d8a5f1f8"",""name"":""color""}"
"b28f8284-01b9-413a-b068-fe2a061e1809","Red Hat Enterprise Linux",192,54,3405,"Malawi","Thomas Hernandez","Microsoft Azure","Running","2023-05-04 19:23:30.000","{""costCenter"":666,""instanceId"":""i-bffd50-51590-faa19"",""name"":""sit""}"
"b29e1250-b27f-4c97-a9c7-79f92cb9d43a","Debian",34,4,2741,"Fiji","Holly Roman","Google Cloud Platform","Paused","2023-05-01 08:10:00.000","{""costCenter"":624,""instanceId"":""09a-1a-9fe5b21bdc56d30"",""name"":""general""}"
"b2dbce3a-864e-4f1b-b67f-0a95315e7fc4","Debian",95,49,698,"Kenya","Stephanie Calderon","Google Cloud Platform","Stopped","2023-05-07 10:25:30.000","{""costCenter"":395,""instanceId"":""177-9a-949ce65225b17b8"",""name"":""past""}"
"b39904b9-c0d9-48df-9cda-d044ebb54cef","Ubuntu",28,36,432,"Greece","Jamie Morales","Amazon Web Services","Paused","2023-05-08 13:36:08.000","{""costCenter"":448,""instanceId"":""i-d97bd037"",""name"":""you""}"
"b39aeb09-c724-41da-aeab-2b841142b4c8","CentOS",74,32,3960,"Mexico","Stephen Stanley","Amazon Web Services","Running","2023-05-01 11:37:50.000","{""costCenter"":402,""instanceId"":""i-53dcc1ed"",""name"":""really""}"
"b3bc70a6-c836-4c4c-b286-467fc5827bad","CentOS",111,56,454,"Myanmar","Shawn Brady","Google Cloud Platform","Stopped","2023-05-08 18:42:41.000","{""costCenter"":958,""instanceId"":""d3f-13-1865b654faf5d3d"",""name"":""eat""}"
"b3d4e250-0cd7-4e24-a060-a8629aee21fe","Debian",125,61,3980,"Saint Vincent and the Grenadines","Melissa Perez","Google Cloud Platform","Paused","2023-05-09 16:12:21.000","{""costCenter"":370,""instanceId"":""a9b-16-bf3ad832bc95d09"",""name"":""story""}"
"b4090b6b-9d32-44ca-ab6f-4434e1eb1bc2","Red Hat Enterprise Linux",116,3,3324,"Peru","Kathryn Weber","Google Cloud Platform","Stopped","2023-05-03 17:19:51.000","{""costCenter"":828,""instanceId"":""b58-44-ee8f13bec0dbc87"",""name"":""training""}"
"b4250dc6-fd44-45d2-99a5-36548035df88","Ubuntu",254,41,1227,"Uganda","Nicole Johnson","Microsoft Azure","Paused","2023-05-05 19:32:47.000","{""costCenter"":259,""instanceId"":""i-363a29-7f3a5-fb0f0"",""name"":""plan""}"
"b44b91e0-c2e9-4763-abbc-f190ddd5004d","CentOS",196,5,3074,"Argentina","Anna Wright","Amazon Web Services","Paused","2023-05-01 22:45:17.000","{""costCenter"":775,""instanceId"":""i-204ee4e6"",""name"":""somebody""}"
"b46e514d-e625-4e15-882e-e05be62aeb7c","Red Hat Enterprise Linux",217,47,1700,"Mayotte","Robert Murillo","Google Cloud Platform","Stopped","2023-05-07 00:13:36.000","{""costCenter"":886,""instanceId"":""91b-72-48acbc22c6e241e"",""name"":""health""}"
"b47d8418-153e-42af-a879-70c176cfa3b6","Ubuntu",184,12,1041,"Serbia","Veronica Moore","Google Cloud Platform","Running","2023-05-05 15:54:53.000","{""costCenter"":159,""instanceId"":""56d-2a-47880093d67b0e6"",""name"":""while""}"
"b4b96344-f2ca-48bb-80fe-8309d90dda49","Red Hat Enterprise Linux",65,30,1657,"Austria","Robert Bridges","Google Cloud Platform","Running","2023-05-06 09:40:12.000","{""costCenter"":601,""instanceId"":""914-0b-9381950e21b7814"",""name"":""sound""}"
"b51f3186-d349-4e88-b711-10256ad255bd","Red Hat Enterprise Linux",239,34,1959,"Panama","Mr. Joseph Adams","Amazon Web Services","Stopped","2023-05-06 10:43:36.000","{""costCenter"":923,""instanceId"":""i-84a3448d"",""name"":""member""}"
"b52032a4-c983-4d17-841b-135f50a12a48","Ubuntu",212,6,1865,"Brazil","Kelly Nelson","Microsoft Azure","Running","2023-05-05 16:45:49.000","{""costCenter"":180,""instanceId"":""i-e5fe9d-8ab9a-39639"",""name"":""to""}"
"b5d41722-5788-4170-a18e-cd5f75b3bb75","Red Hat Enterprise Linux",251,16,3369,"Italy","Kimberly Anderson","Amazon Web Services","Paused","2023-05-05 02:11:09.000","{""costCenter"":921,""instanceId"":""i-b15b700c"",""name"":""since""}"
"b6069c21-c9f5-47b8-89b9-a24208b42352","Ubuntu",12,56,1989,"Moldova","Christian Kelly","Google Cloud Platform","Paused","2023-05-03 22:36:25.000","{""costCenter"":704,""instanceId"":""bac-41-fb2e4fd8da4f781"",""name"":""science""}"
"b6ce0a30-a6b3-42d9-a324-972e7ab1fe5a","Ubuntu",162,28,1673,"Burkina Faso","Steven Neal","Amazon Web Services","Running","2023-05-01 21:37:50.000","{""costCenter"":492,""instanceId"":""i-96a471a3"",""name"":""ability""}"
"b6e8a85e-bcfa-4696-a8fc-9b488b5f5fa6","Debian",192,41,793,"Kiribati","Gabriel Parker","Microsoft Azure","Paused","2023-05-06 03:05:44.000","{""costCenter"":161,""instanceId"":""i-c6a64d-b92ba-f587b"",""name"":""sound""}"
"b6f5d8dc-40fc-4739-be19-8fb646f0d63c","Windows Server",108,2,1705,"Western Sahara","Sarah Perry","Microsoft Azure","Paused","2023-05-05 19:42:37.000","{""costCenter"":803,""instanceId"":""i-8a9fa7-10065-fd847"",""name"":""continue""}"
"b759c807-8bb0-4c26-a7c9-54989914b213","Windows Server",222,34,2562,"Bangladesh","Anthony Haynes","Amazon Web Services","Stopped","2023-05-08 20:26:57.000","{""costCenter"":988,""instanceId"":""i-de6e065c"",""name"":""choose""}"
"b79b8d05-2ea6-41dc-a454-7e6b44c2196f","Red Hat Enterprise Linux",10,58,3176,"Portugal","James Perez","Amazon Web Services","Stopped","2023-05-06 08:23:55.000","{""costCenter"":538,""instanceId"":""i-ca71c5c2"",""name"":""beyond""}"
"b7b58910-d87c-4b87-8cb3-70281cdc16e9","Windows Server",234,30,1191,"Turkmenistan","Jamie Fisher","Microsoft Azure","Stopped","2023-05-02 15:49:11.000","{""costCenter"":289,""instanceId"":""i-e49ab9-fc867-f2cd1"",""name"":""always""}"
"b7c3f4bb-d941-4958-a7f2-8e72a4040fa1","Ubuntu",167,62,3967,"United States of America","Kyle Vang","Google Cloud Platform","Paused","2023-05-07 07:54:25.000","{""costCenter"":192,""instanceId"":""a4d-f3-199be56a77e758f"",""name"":""show""}"
"b7d535e3-7a31-46ed-a5d8-a979dba192eb","Debian",112,13,2106,"Montenegro","Susan Ramos","Amazon Web Services","Paused","2023-05-06 02:39:56.000","{""costCenter"":301,""instanceId"":""i-3fa9929f"",""name"":""trouble""}"
"b81e1585-a580-4b92-9480-40d3550f14fa","Ubuntu",155,17,1442,"Bosnia and Herzegovina","Holly Rios MD","Google Cloud Platform","Stopped","2023-05-04 01:58:11.000","{""costCenter"":105,""instanceId"":""4b1-aa-f560eed255bc794"",""name"":""report""}"
"b8d61b3a-21f4-4f24-a817-75c90a1cee95","Windows Server",50,29,3296,"Madagascar","April Yates","Google Cloud Platform","Stopped","2023-05-02 05:35:30.000","{""costCenter"":390,""instanceId"":""98c-5d-82e770f6fa4c985"",""name"":""positive""}"
"b8d87263-f03a-4ca5-879e-1e17b63f7ea7","Windows Server",105,59,2155,"Pitcairn Islands","Donna Buchanan","Google Cloud Platform","Stopped","2023-05-08 06:18:22.000","{""costCenter"":168,""instanceId"":""a2d-95-0e2a7b2319756a0"",""name"":""ready""}"
"b9071d8e-8d5f-4afc-84f0-5677ad28bb3c","Red Hat Enterprise Linux",214,41,3601,"Fiji","Whitney King","Microsoft Azure","Stopped","2023-05-08 11:36:57.000","{""costCenter"":715,""instanceId"":""i-d8daa0-0d41b-07b6b"",""name"":""party""}"
"b9d13fed-d8c2-45b3-9da7-b8440cf5da5b","Red Hat Enterprise Linux",11,5,1323,"Swaziland","Michael Evans","Amazon Web Services","Paused","2023-05-01 01:31:11.000","{""costCenter"":359,""instanceId"":""i-99408eed"",""name"":""figure""}"
"b9fdce88-f1d2-4552-bc34-36d5598ff9e9","Windows Server",20,55,346,"Netherlands Antilles","Daniel Jenkins","Google Cloud Platform","Paused","2023-05-01 17:56:13.000","{""costCenter"":624,""instanceId"":""a31-a7-d5d503007f7bb09"",""name"":""heavy""}"
"ba03b517-2334-455d-820c-a5b7bcef8ff9","CentOS",163,26,4070,"Isle of Man","Michael Solis","Google Cloud Platform","Paused","2023-05-05 21:46:17.000","{""costCenter"":282,""instanceId"":""3a9-c8-b595e22e59f9f92"",""name"":""deal""}"
"ba1d6ba1-2a12-49e9-a2e7-1447ff00e37d","CentOS",3,42,1148,"Syrian Arab Republic","Mason Martinez","Amazon Web Services","Running","2023-05-06 13:39:25.000","{""costCenter"":734,""instanceId"":""i-2d2f6182"",""name"":""probably""}"
"bad2ce75-9b23-4499-aa89-42726299d87d","Red Hat Enterprise Linux",106,16,1329,"Czech Republic","Eric Brown","Amazon Web Services","Stopped","2023-05-06 01:07:42.000","{""costCenter"":895,""instanceId"":""i-f2123fd9"",""name"":""majority""}"
"bb18b749-ed8a-409b-9c24-bf9fd63b5085","Windows Server",198,39,3720,"Tokelau","Jessica Vaughn","Google Cloud Platform","Stopped","2023-05-03 18:30:34.000","{""costCenter"":425,""instanceId"":""61f-5b-92f49a3957ebaf3"",""name"":""situation""}"
"bb66f16e-c291-4d46-bd36-ae3831ca7abf","CentOS",102,42,3232,"Tokelau","Timothy Lewis","Microsoft Azure","Paused","2023-05-04 07:51:36.000","{""costCenter"":172,""instanceId"":""i-a3fa06-1e1ed-df40b"",""name"":""like""}"
"bbc79a0c-ee84-4b3c-91b3-48d8a018b666","Windows Server",206,7,2851,"Syrian Arab Republic","Andrew Warren","Google Cloud Platform","Running","2023-05-05 12:13:06.000","{""costCenter"":929,""instanceId"":""f9f-ee-fb77596ffc30f2a"",""name"":""of""}"
"bbcf759f-db9a-4286-894a-c9e715a2a99d","CentOS",152,48,2442,"Kazakhstan","Scott Wilson","Amazon Web Services","Paused","2023-05-09 04:42:22.000","{""costCenter"":673,""instanceId"":""i-23e927a0"",""name"":""bed""}"
"bbf6ddd8-37bf-4862-9219-29809c41c656","Windows Server",6,57,2367,"Sri Lanka","Brian Novak","Microsoft Azure","Stopped","2023-05-09 02:15:51.000","{""costCenter"":293,""instanceId"":""i-3a0572-f4f60-4593c"",""name"":""only""}"
"bc414e47-dd37-4c00-8142-d99dc835aa31","Debian",51,17,442,"Chile","Ronald Green","Microsoft Azure","Paused","2023-05-01 05:45:13.000","{""costCenter"":612,""instanceId"":""i-859d17-e4df8-68a10"",""name"":""generation""}"
"bc53c55f-ded3-40e6-a884-c018916489f3","Ubuntu",238,4,3968,"Central African Republic","Bruce Russo","Google Cloud Platform","Stopped","2023-05-01 15:54:08.000","{""costCenter"":423,""instanceId"":""c27-17-81b337da19c9152"",""name"":""run""}"
"bd04ce17-5097-4c8e-ab29-2aa9eaeaa74b","CentOS",214,52,1729,"Hong Kong","Kayla Stephens","Microsoft Azure","Stopped","2023-05-08 23:48:31.000","{""costCenter"":249,""instanceId"":""i-3cd38e-89a26-55da7"",""name"":""scientist""}"
"bd4b63a3-cacb-4b0e-81fe-825876803297","Debian",22,64,3157,"Somalia","Mr. Eric Munoz","Google Cloud Platform","Running","2023-05-07 15:56:42.000","{""costCenter"":320,""instanceId"":""486-27-30b43c8f35dc835"",""name"":""kind""}"
"bda49a70-4b86-43da-8b11-e3ad7ec7514c","Ubuntu",180,32,3816,"Lesotho","Ebony Jones","Microsoft Azure","Paused","2023-05-03 10:45:58.000","{""costCenter"":918,""instanceId"":""i-5a6ccf-4f749-e5b01"",""name"":""group""}"
"bdb924d6-abd9-4828-8233-71fe3ad10154","CentOS",21,3,3209,"Timor-Leste","Jared Tran","Google Cloud Platform","Paused","2023-05-07 03:17:18.000","{""costCenter"":248,""instanceId"":""279-34-2b53580ca8f2d2a"",""name"":""cold""}"
"bdf4ee3d-543c-42fd-839c-73c889bee469","Debian",194,41,3994,"Aruba","Susan Todd","Microsoft Azure","Stopped","2023-05-09 10:31:04.000","{""costCenter"":738,""instanceId"":""i-f91865-3f56b-ecfbd"",""name"":""few""}"
"bdfbe927-7579-40fb-bc67-bf6c2bb72504","Ubuntu",106,29,2610,"Malawi","Marvin Roy","Amazon Web Services","Stopped","2023-05-08 03:50:51.000","{""costCenter"":710,""instanceId"":""i-7d8b7c60"",""name"":""table""}"
"be283824-8cd1-42bf-8851-ee8d001f6f95","Red Hat Enterprise Linux",169,1,2632,"Wallis and Futuna","Chad Miller","Google Cloud Platform","Running","2023-05-07 08:50:15.000","{""costCenter"":492,""instanceId"":""79e-de-eea9619253429bd"",""name"":""million""}"
"be33b711-c8d2-4d02-a5d6-438e3a1f56c1","Debian",162,55,3255,"Holy See (Vatican City State)","Barbara Cruz","Amazon Web Services","Stopped","2023-05-05 09:41:15.000","{""costCenter"":604,""instanceId"":""i-1afe7bc2"",""name"":""item""}"
"be7b8ee1-149b-4e21-82ec-97f482e79138","Ubuntu",124,4,1437,"Malawi","David Golden","Microsoft Azure","Paused","2023-05-04 16:41:23.000","{""costCenter"":537,""instanceId"":""i-e1a12e-f3e41-8436f"",""name"":""mean""}"
"be994381-fd4e-4546-9b06-a56a65ce42cf","Debian",254,6,969,"Equatorial Guinea","Theresa Brown","Microsoft Azure","Paused","2023-05-01 02:24:15.000","{""costCenter"":476,""instanceId"":""i-863116-cfbb4-d10ad"",""name"":""artist""}"
"beaa4e33-50bb-4757-bb6d-45fed00a76d8","CentOS",56,32,3595,"Turks and Caicos Islands","Sonya Campbell","Microsoft Azure","Paused","2023-05-02 11:52:16.000","{""costCenter"":519,""instanceId"":""i-351829-8205b-b5d59"",""name"":""professional""}"
"bebfdded-a027-4f26-b730-e9bbaa03ffe1","CentOS",181,32,2068,"Romania","Sharon Gallegos","Amazon Web Services","Paused","2023-05-06 06:43:15.000","{""costCenter"":621,""instanceId"":""i-82cb5176"",""name"":""foreign""}"
"becafc08-4d3e-4af1-a5de-edb8c2b8abd9","Windows Server",174,36,2963,"Djibouti","Leslie Mullen","Microsoft Azure","Running","2023-05-01 11:20:08.000","{""costCenter"":518,""instanceId"":""i-7b29dc-4a06f-46b68"",""name"":""leave""}"
"bf3a3abf-706b-49dd-9474-5c489719c982","CentOS",149,26,2356,"Mali","Andrew Ford","Google Cloud Platform","Paused","2023-05-05 23:58:22.000","{""costCenter"":590,""instanceId"":""719-84-46d864c7b18db5d"",""name"":""entire""}"
"bf5f7ed9-b74a-4e89-92c0-2ff36814a024","CentOS",174,49,4026,"Liechtenstein","Brianna Smith","Google Cloud Platform","Stopped","2023-05-01 03:55:17.000","{""costCenter"":522,""instanceId"":""89b-48-aa01875094ece47"",""name"":""live""}"
"bf8b85a8-438e-40bb-91fa-e34479478e29","CentOS",217,58,767,"Cook Islands","Timothy Reese","Amazon Web Services","Running","2023-05-01 18:07:43.000","{""costCenter"":197,""instanceId"":""i-1d949639"",""name"":""relationship""}"
"bfd9d1f6-e5e6-4f94-9a92-3e133476534c","CentOS",213,44,3773,"Austria","Nicholas Jordan","Amazon Web Services","Stopped","2023-05-06 20:02:18.000","{""costCenter"":921,""instanceId"":""i-adbe022b"",""name"":""street""}"
"bfdbe9d8-be46-4f52-91f5-1f326459aabe","CentOS",165,56,2653,"Honduras","Nathan Miller","Google Cloud Platform","Stopped","2023-05-05 23:23:07.000","{""costCenter"":645,""instanceId"":""c6f-e3-8dc18be2b921538"",""name"":""around""}"
"c0369865-f35b-4b02-ae9b-4979ba74162e","Debian",252,42,2726,"Bouvet Island (Bouvetoya)","Eric Becker","Microsoft Azure","Running","2023-05-07 17:06:10.000","{""costCenter"":128,""instanceId"":""i-3418a4-58dab-42df3"",""name"":""sort""}"
"c089ff8d-5d1a-4cbc-a1dc-3f9869f0b91d","CentOS",68,53,2160,"Wallis and Futuna","Christian Kim","Microsoft Azure","Stopped","2023-05-06 11:06:35.000","{""costCenter"":488,""instanceId"":""i-2d19f3-59bde-0fb3a"",""name"":""car""}"
"c09a3df7-1ee6-4e53-925a-8fff04569384","Red Hat Enterprise Linux",154,64,2936,"Zimbabwe","Candice Smith","Amazon Web Services","Running","2023-05-08 03:32:16.000","{""costCenter"":159,""instanceId"":""i-afabd4a3"",""name"":""participant""}"
"c0d4c0ac-022b-437c-83e3-4975eb15b2d4","Red Hat Enterprise Linux",42,36,467,"Saint Kitts and Nevis","Emily Wheeler","Google Cloud Platform","Stopped","2023-05-05 23:30:55.000","{""costCenter"":103,""instanceId"":""915-6f-a2e3c7f2adfd066"",""name"":""focus""}"
"c15a2d57-cffe-404c-b440-aa2050ab1077","CentOS",152,15,1256,"Gambia","Ashley Mack","Amazon Web Services","Paused","2023-05-02 12:23:48.000","{""costCenter"":746,""instanceId"":""i-48b82151"",""name"":""early""}"
"c18f2950-f463-4cb8-baf1-c7ee28bebc9b","Debian",32,9,2816,"Seychelles","William Beck","Microsoft Azure","Paused","2023-05-03 10:22:18.000","{""costCenter"":300,""instanceId"":""i-09c409-0d06b-d52a4"",""name"":""performance""}"
"c1e3d5f5-7b5d-48cc-a1b4-3545260af824","Ubuntu",44,39,490,"Finland","Haley Elliott","Amazon Web Services","Running","2023-05-04 21:18:56.000","{""costCenter"":463,""instanceId"":""i-d725b930"",""name"":""without""}"
"c20ba4e2-4724-4224-8d26-7a28972aaa72","Ubuntu",24,32,828,"Nauru","Brian Newman","Amazon Web Services","Running","2023-05-07 16:36:26.000","{""costCenter"":233,""instanceId"":""i-0923da1a"",""name"":""involve""}"
"c2720ba0-2b73-4328-9dab-42b8c6bfdc03","CentOS",219,55,3940,"Bermuda","Heather Randolph","Google Cloud Platform","Running","2023-05-03 19:35:39.000","{""costCenter"":444,""instanceId"":""981-11-7f92aff81bc648f"",""name"":""present""}"
"c3aabba1-4c03-424a-9bae-c49c8081bc98","Red Hat Enterprise Linux",115,29,2091,"Iceland","Mrs. Haley James","Google Cloud Platform","Paused","2023-05-04 15:00:10.000","{""costCenter"":148,""instanceId"":""fcb-26-bdd9995ee4d1304"",""name"":""herself""}"
"c3cb38cb-8851-405c-a110-9a312ef71a72","Red Hat Enterprise Linux",132,1,1183,"Jordan","Noah Griffith","Google Cloud Platform","Stopped","2023-05-07 15:08:39.000","{""costCenter"":917,""instanceId"":""c5e-ac-26a4a5ada0e3c7c"",""name"":""bag""}"
"c449a12b-30dd-4d79-b5cc-394617f30f21","Debian",251,14,1862,"Sierra Leone","Christopher Middleton","Microsoft Azure","Stopped","2023-05-06 06:05:23.000","{""costCenter"":576,""instanceId"":""i-0ecc5c-88426-d9acd"",""name"":""wrong""}"
"c48d223e-10d9-4b17-bd1d-14d0cd05bd4b","Red Hat Enterprise Linux",142,27,1707,"Congo","Christopher Jones","Google Cloud Platform","Running","2023-05-07 05:04:02.000","{""costCenter"":230,""instanceId"":""89a-9c-f725b170e9647ae"",""name"":""middle""}"
"c49425f3-adf0-480c-94b7-172c00b15dd0","Red Hat Enterprise Linux",208,10,895,"Anguilla","Katherine Sullivan","Google Cloud Platform","Stopped","2023-05-04 03:30:55.000","{""costCenter"":201,""instanceId"":""94b-58-b3a6a0772cc63a0"",""name"":""conference""}"
"c4a5c087-75ab-4c32-bc6a-feece4e95eb2","CentOS",126,20,3989,"Indonesia","Debra Alvarez","Google Cloud Platform","Paused","2023-05-07 08:23:44.000","{""costCenter"":480,""instanceId"":""f84-87-4794b7386bac053"",""name"":""fund""}"
"c4ab209c-b361-454b-887c-d5893cc6cad5","Red Hat Enterprise Linux",213,15,2186,"Armenia","Carl Brown","Microsoft Azure","Stopped","2023-05-05 02:52:03.000","{""costCenter"":234,""instanceId"":""i-406558-ba6f7-7cabf"",""name"":""animal""}"
"c605e30f-73ef-4206-ab37-cb0a289abdb8","CentOS",129,57,458,"Saint Barthelemy","Tracy Chen","Google Cloud Platform","Running","2023-05-03 18:45:21.000","{""costCenter"":375,""instanceId"":""8d7-66-1a0e440bb6306f9"",""name"":""travel""}"
"c60f3747-f3ab-4c64-8603-1c0d0d9d57e7","Red Hat Enterprise Linux",52,53,2121,"United States Virgin Islands","William Leach","Amazon Web Services","Running","2023-05-07 08:19:09.000","{""costCenter"":113,""instanceId"":""i-fd86368b"",""name"":""field""}"
"c6587868-3515-498b-b747-c4075ad388b3","Windows Server",164,28,501,"Micronesia","Deborah Jackson","Google Cloud Platform","Paused","2023-05-08 07:16:22.000","{""costCenter"":775,""instanceId"":""2ef-97-d0d71f6188cd48e"",""name"":""special""}"
"c66b59bb-7676-4692-b7f0-94522d60bbec","Red Hat Enterprise Linux",248,12,2454,"Palau","Mary Garcia","Microsoft Azure","Running","2023-05-06 13:19:40.000","{""costCenter"":775,""instanceId"":""i-d32bd4-4ea9d-1b93b"",""name"":""kitchen""}"
"c6700703-248d-406a-bf38-77e3ad3132a9","Windows Server",142,42,2618,"Jamaica","Austin Washington","Amazon Web Services","Stopped","2023-05-05 08:23:58.000","{""costCenter"":458,""instanceId"":""i-22409fb4"",""name"":""place""}"
"c68c244d-a5fe-423c-95b5-7a0f2d58da04","Debian",175,16,1420,"Saint Vincent and the Grenadines","Gabrielle Evans","Google Cloud Platform","Running","2023-05-09 00:49:37.000","{""costCenter"":226,""instanceId"":""540-76-bdc64b0f4050f0a"",""name"":""kitchen""}"
"c6a46018-baef-4dd5-a7d3-702b957ea256","Red Hat Enterprise Linux",7,55,3955,"Korea","Aaron Hamilton","Amazon Web Services","Stopped","2023-05-03 07:11:35.000","{""costCenter"":535,""instanceId"":""i-f1b46df4"",""name"":""well""}"
"c6fe39a5-8d9e-4a34-93f0-0d12127794e2","Windows Server",218,10,2459,"Portugal","Valerie Rivera","Amazon Web Services","Paused","2023-05-06 15:28:29.000","{""costCenter"":296,""instanceId"":""i-9f27d292"",""name"":""final""}"
"c7776d48-ec6a-4ce1-971c-f91e37251cdf","Debian",13,30,4014,"Aruba","Margaret Robinson","Microsoft Azure","Stopped","2023-05-07 14:09:34.000","{""costCenter"":846,""instanceId"":""i-facea3-e73f6-99338"",""name"":""upon""}"
"c8e6db77-004e-43e0-9dbb-290d9c0e1c95","Ubuntu",18,7,1808,"Falkland Islands (Malvinas)","Krista Hughes","Amazon Web Services","Running","2023-05-07 11:01:43.000","{""costCenter"":171,""instanceId"":""i-e2f49147"",""name"":""act""}"
"c99717da-3d79-47b9-a281-41cde1173433","Ubuntu",15,16,3686,"Timor-Leste","Megan Pena","Microsoft Azure","Running","2023-05-09 03:27:10.000","{""costCenter"":263,""instanceId"":""i-382253-c4454-4ddfe"",""name"":""quality""}"
"c9b68013-6630-4718-9894-fe4e68826980","Windows Server",61,42,2698,"Dominican Republic","Kelsey Khan","Amazon Web Services","Paused","2023-05-03 00:30:59.000","{""costCenter"":986,""instanceId"":""i-de1fdb34"",""name"":""partner""}"
"ca00deb7-189a-4dd1-9f85-38c1cb6b4fe3","Windows Server",40,54,1453,"Jersey","Randall Smith","Amazon Web Services","Stopped","2023-05-01 09:05:41.000","{""costCenter"":561,""instanceId"":""i-a16ca1a9"",""name"":""new""}"
"cabb3515-c1db-49d0-a08a-427b42761774","Debian",68,64,3641,"Palestinian Territory","Sabrina Walsh","Amazon Web Services","Running","2023-05-02 22:22:28.000","{""costCenter"":675,""instanceId"":""i-f142f227"",""name"":""body""}"
"caebc372-a7d9-459d-a219-54303ca46ced","Windows Server",14,27,3763,"Tuvalu","John Rodriguez","Microsoft Azure","Running","2023-05-08 20:41:24.000","{""costCenter"":613,""instanceId"":""i-0b0c78-9fbab-c8896"",""name"":""must""}"
"cb4c34c0-d2a0-4e9f-ac2c-5de6c7e186ef","Red Hat Enterprise Linux",144,32,1917,"Turkey","Steven Hahn","Google Cloud Platform","Paused","2023-05-05 13:06:42.000","{""costCenter"":316,""instanceId"":""14c-c9-5a66763b941f643"",""name"":""truth""}"
"cb99df8e-16ac-4cda-a8d1-80f6354da602","Ubuntu",9,20,993,"Liechtenstein","John Harris","Amazon Web Services","Stopped","2023-05-03 12:31:40.000","{""costCenter"":516,""instanceId"":""i-2779d7c8"",""name"":""heavy""}"
"cbf93779-6098-4345-83d5-613828ca7e21","Ubuntu",91,52,1300,"Uganda","Mary Pena","Google Cloud Platform","Paused","2023-05-07 02:34:36.000","{""costCenter"":303,""instanceId"":""083-50-ba31ed80385f681"",""name"":""impact""}"
"ccb2fc39-ce68-42d5-9a8a-3ee57fa61ba0","CentOS",256,25,262,"Gibraltar","Samantha Cross","Google Cloud Platform","Running","2023-05-04 23:39:03.000","{""costCenter"":841,""instanceId"":""522-b6-8fcaa60ba5e70ba"",""name"":""sure""}"
"cce8bef1-2ae1-4539-afca-a706b5096b02","Windows Server",227,1,763,"Guatemala","Mary Wolf","Google Cloud Platform","Stopped","2023-05-09 08:46:06.000","{""costCenter"":215,""instanceId"":""507-c6-16b5c1417aa0674"",""name"":""cup""}"
"cd30227a-0d5b-44bd-a187-93090c5d36be","Windows Server",68,64,1959,"Saint Helena","Morgan Harrell","Microsoft Azure","Paused","2023-05-08 06:51:18.000","{""costCenter"":586,""instanceId"":""i-6923e1-0090c-7b7db"",""name"":""play""}"
"ce35e1ec-65e0-4309-8cf1-c3a62e56f852","Ubuntu",39,51,3295,"Greenland","Nicholas Gaines","Amazon Web Services","Stopped","2023-05-02 08:50:58.000","{""costCenter"":692,""instanceId"":""i-9190d4cb"",""name"":""walk""}"
"ce96e5ee-844b-4fd1-9bc4-298c63299413","Red Hat Enterprise Linux",155,3,1563,"Montenegro","Patrick Gonzalez","Amazon Web Services","Running","2023-05-09 00:41:57.000","{""costCenter"":753,""instanceId"":""i-316872dd"",""name"":""change""}"
"ced08f7c-08df-4e48-a069-64c10d1482a3","Ubuntu",182,60,3582,"Algeria","William Allen","Google Cloud Platform","Stopped","2023-05-02 02:56:34.000","{""costCenter"":191,""instanceId"":""0af-54-0e8fa0a835fe3df"",""name"":""add""}"
"ceebc3ed-1332-47f1-979a-c88fec08d7fa","Windows Server",77,57,143,"Saint Lucia","Tyler Lawrence","Google Cloud Platform","Stopped","2023-05-03 07:21:22.000","{""costCenter"":284,""instanceId"":""536-4f-3da6c01c1b8b1bf"",""name"":""forget""}"
"cf31adb7-c9c5-4f05-810a-8f9bb76c5fee","Red Hat Enterprise Linux",5,32,3461,"Grenada","Jeffrey Yang","Microsoft Azure","Stopped","2023-05-07 16:13:26.000","{""costCenter"":659,""instanceId"":""i-b9cd82-7d54b-dc1f0"",""name"":""gas""}"
"cf932cd3-7d51-4fca-8507-5cb18a059f01","Red Hat Enterprise Linux",165,8,771,"Angola","Suzanne Barber","Amazon Web Services","Paused","2023-05-09 13:46:52.000","{""costCenter"":573,""instanceId"":""i-e57e94c7"",""name"":""company""}"
"cf942a5b-b2bc-44c6-9c65-9f2e124c9e08","Windows Server",239,28,2282,"Faroe Islands","Edward Roberson","Amazon Web Services","Paused","2023-05-09 01:43:25.000","{""costCenter"":630,""instanceId"":""i-756a9707"",""name"":""ready""}"
"cf981ca8-e678-40db-a6fc-e9572dc90ce2","Red Hat Enterprise Linux",11,28,260,"Estonia","Victoria Odom","Google Cloud Platform","Paused","2023-05-08 07:20:20.000","{""costCenter"":972,""instanceId"":""b6f-27-242ab7a7c5b36c7"",""name"":""whose""}"
"d03670dd-c6fc-4151-a0d3-b5cf6dbe52b9","Windows Server",159,10,69,"New Caledonia","Mark Miller","Amazon Web Services","Running","2023-05-07 13:28:10.000","{""costCenter"":685,""instanceId"":""i-04758ad0"",""name"":""throw""}"
"d0613609-72cb-457d-9fcd-db9c12e38704","Windows Server",226,12,1472,"Jamaica","Jennifer Wheeler","Google Cloud Platform","Running","2023-05-08 04:05:47.000","{""costCenter"":431,""instanceId"":""685-79-612cf1e98996e0d"",""name"":""white""}"
"d0c6b101-44ce-48ff-a049-bbb9fbb80805","Debian",15,20,2421,"Mauritania","Michael Reed","Google Cloud Platform","Running","2023-05-09 08:26:19.000","{""costCenter"":753,""instanceId"":""f6f-bf-353c2cc19a9c041"",""name"":""sister""}"
"d12d4bc3-177d-4cf7-b7e9-6ea0df41ef9f","Windows Server",21,27,3397,"Myanmar","John Lindsey","Google Cloud Platform","Paused","2023-05-08 11:56:11.000","{""costCenter"":873,""instanceId"":""ed8-e5-c8cb1037b45a295"",""name"":""join""}"
"d1536dff-adf8-4050-9390-78c4914c73c2","Debian",171,11,2758,"Costa Rica","Jared Skinner","Google Cloud Platform","Stopped","2023-05-05 09:41:20.000","{""costCenter"":232,""instanceId"":""1a2-d0-44b209397b387be"",""name"":""brother""}"
"d182c0b6-d9e3-4bb5-a986-9a659cb734ba","Debian",4,44,1106,"Hong Kong","Nathaniel Munoz","Amazon Web Services","Stopped","2023-05-09 01:39:56.000","{""costCenter"":660,""instanceId"":""i-4197f061"",""name"":""American""}"
"d1c99f87-8c0e-4011-9732-1460c58efb6d","Red Hat Enterprise Linux",172,26,3569,"Malta","Mrs. Latoya Nelson","Microsoft Azure","Running","2023-05-06 17:31:12.000","{""costCenter"":760,""instanceId"":""i-0d311d-a24cd-78d5e"",""name"":""next""}"
"d28144fe-f9e5-4237-b3b7-f1f71b3f5335","Debian",76,22,4085,"Guyana","Terry Cruz","Amazon Web Services","Stopped","2023-05-07 17:53:53.000","{""costCenter"":720,""instanceId"":""i-0584bc2d"",""name"":""century""}"
"d2a05129-fcfc-43b4-a74b-7b9c131c56b3","CentOS",46,31,1646,"Uruguay","Monica Jackson","Microsoft Azure","Paused","2023-05-05 17:54:30.000","{""costCenter"":687,""instanceId"":""i-89d1f7-ecf9d-47010"",""name"":""heart""}"
"d2ecfcd8-8d64-43ab-83c2-bd1bbfd2b15b","Red Hat Enterprise Linux",42,28,2508,"Sri Lanka","Curtis Garcia","Amazon Web Services","Stopped","2023-05-03 10:08:00.000","{""costCenter"":535,""instanceId"":""i-ead039be"",""name"":""by""}"
"d2f572cb-c5a6-4e7e-9c59-f76a3dfa9c57","Ubuntu",237,53,2944,"Venezuela","Melissa Williams","Microsoft Azure","Stopped","2023-05-08 03:13:47.000","{""costCenter"":792,""instanceId"":""i-cb7d07-50441-627e8"",""name"":""half""}"
"d2f67117-71fd-4cf5-8c1c-5074c1082552","Windows Server",220,28,3540,"Poland","Gary Marshall","Google Cloud Platform","Running","2023-05-06 04:48:22.000","{""costCenter"":307,""instanceId"":""6ac-69-bd10f485e217fa5"",""name"":""which""}"
"d332f865-525d-46ce-a92a-70db4a2596cb","Debian",215,25,1598,"Nigeria","Tamara Burch","Google Cloud Platform","Stopped","2023-05-03 06:27:52.000","{""costCenter"":898,""instanceId"":""a3a-a4-75e5291f57ff5f8"",""name"":""law""}"
"d3802b98-30c5-46ab-ad8a-942210e3e63f","Red Hat Enterprise Linux",77,63,4089,"France","Anthony Chavez","Microsoft Azure","Paused","2023-05-03 22:26:20.000","{""costCenter"":748,""instanceId"":""i-0dca9e-b6048-34ee9"",""name"":""year""}"
"d3aabe18-bcec-4a8b-9953-cdfd9643ef18","CentOS",112,56,3615,"Algeria","Amanda Brown","Microsoft Azure","Running","2023-05-08 21:20:13.000","{""costCenter"":799,""instanceId"":""i-11a431-8e4e7-4c57f"",""name"":""long""}"
"d3fcb0fd-cb18-4e57-b6d0-be71f768815f","Red Hat Enterprise Linux",194,58,2320,"French Southern Territories","Jason Chapman","Google Cloud Platform","Running","2023-05-02 10:50:08.000","{""costCenter"":477,""instanceId"":""331-24-abbaae6f071dbd0"",""name"":""outside""}"
"d42e92fd-ddc8-4113-a21b-d3b2dc3ccde8","Debian",87,25,1866,"Falkland Islands (Malvinas)","Richard Johnston","Microsoft Azure","Paused","2023-05-05 11:12:00.000","{""costCenter"":300,""instanceId"":""i-3b6a86-0b748-e544a"",""name"":""card""}"
"d4b9e01a-96c2-48e6-afa2-3f8984ed7063","Red Hat Enterprise Linux",141,11,2671,"Peru","Donna Pena","Microsoft Azure","Stopped","2023-05-06 21:58:45.000","{""costCenter"":289,""instanceId"":""i-b7f8d1-564bf-caa89"",""name"":""agree""}"
"d51765fd-5583-489f-9f76-90b97c73815d","CentOS",79,34,912,"Botswana","Heather Evans","Microsoft Azure","Stopped","2023-05-01 15:43:01.000","{""costCenter"":218,""instanceId"":""i-0ff579-6582e-0cc99"",""name"":""account""}"
"d5343c8f-d11b-4835-87e6-02c8fe6a0d1d","Debian",3,15,1073,"Haiti","Adrian Sanchez","Amazon Web Services","Running","2023-05-01 02:31:15.000","{""costCenter"":196,""instanceId"":""i-c643c694"",""name"":""phone""}"
"d57c6579-323e-48f8-aaaa-b7b7b8d3cd22","Windows Server",24,9,293,"French Polynesia","Tiffany Nelson","Amazon Web Services","Running","2023-05-05 00:52:42.000","{""costCenter"":238,""instanceId"":""i-d164bdd8"",""name"":""red""}"
"d642a0f8-9976-4de9-a721-ac2d120d3574","Windows Server",51,22,226,"United States Virgin Islands","William Acosta","Google Cloud Platform","Running","2023-05-07 22:29:21.000","{""costCenter"":183,""instanceId"":""dac-bd-970da474d0cd3e5"",""name"":""decision""}"
"d650f125-9be1-4e8d-bcff-c2bdaeb5241f","CentOS",115,59,2910,"Pitcairn Islands","Sarah Reed","Google Cloud Platform","Paused","2023-05-01 03:00:14.000","{""costCenter"":290,""instanceId"":""22e-cf-43482ff59bdf66f"",""name"":""goal""}"
"d6824353-8375-4784-a4e6-236120dffe0b","Ubuntu",107,5,891,"Guadeloupe","Steven Lee","Google Cloud Platform","Paused","2023-05-04 19:33:39.000","{""costCenter"":608,""instanceId"":""068-08-01fb64bd5b05d35"",""name"":""hand""}"
"d68bedc4-71ac-4946-9cb3-a28a31973403","Ubuntu",68,16,1002,"Ireland","Emily Castro","Amazon Web Services","Paused","2023-05-04 02:05:07.000","{""costCenter"":545,""instanceId"":""i-cbb926a9"",""name"":""new""}"
"d6ad903a-6501-4577-bb65-3980487ca38a","Ubuntu",255,1,2306,"Falkland Islands (Malvinas)","Sean Lopez","Microsoft Azure","Running","2023-05-06 02:28:25.000","{""costCenter"":501,""instanceId"":""i-ccfbb3-954c5-f1df5"",""name"":""might""}"
"d6ca5a7b-51ab-46f7-9146-ae722d867d5f","Ubuntu",104,11,217,"Ethiopia","Virginia Watts","Google Cloud Platform","Paused","2023-05-07 22:10:35.000","{""costCenter"":372,""instanceId"":""0d9-05-9a565910e16abde"",""name"":""understand""}"
"d6ebadee-08b1-42c3-890e-75602c853567","Debian",117,59,1598,"Uganda","Emily Nelson","Microsoft Azure","Stopped","2023-05-02 23:37:55.000","{""costCenter"":130,""instanceId"":""i-5a6940-958f3-0e234"",""name"":""often""}"
"d71475f9-c126-419c-9d02-28087180f780","Red Hat Enterprise Linux",214,46,2493,"Botswana","Loretta Moreno","Microsoft Azure","Paused","2023-05-05 20:08:24.000","{""costCenter"":609,""instanceId"":""i-d0fbe9-3736f-b7e0c"",""name"":""model""}"
"d74ff9e0-2d65-495a-a40f-5e8a7e366879","Debian",128,26,3151,"Antarctica (the territory South of 60 deg S)","Charles Lindsey","Amazon Web Services","Running","2023-05-07 15:07:10.000","{""costCenter"":483,""instanceId"":""i-35e5a707"",""name"":""member""}"
"d7704f72-ed5f-4f41-86e7-7980901695fc","Windows Server",60,4,1848,"Aruba","Edward Boone","Amazon Web Services","Running","2023-05-05 06:34:37.000","{""costCenter"":887,""instanceId"":""i-f1477e94"",""name"":""make""}"
"d78cf114-6162-44b5-87bb-1e6453baab1c","Ubuntu",72,52,3421,"Chile","Mrs. Jennifer Mann","Amazon Web Services","Paused","2023-05-08 16:57:01.000","{""costCenter"":428,""instanceId"":""i-004350c3"",""name"":""bit""}"
"d7df56ed-32e0-4dd2-a91a-1556ee282ca2","CentOS",242,19,1165,"Morocco","Tyler Ramirez","Microsoft Azure","Running","2023-05-06 20:16:39.000","{""costCenter"":475,""instanceId"":""i-d53de8-9c1a7-f2a77"",""name"":""level""}"
"d80f64f0-3620-49f1-87fe-3a13ffb3e7b8","Ubuntu",171,41,1248,"Ireland","Laura West","Microsoft Azure","Running","2023-05-02 20:02:46.000","{""costCenter"":832,""instanceId"":""i-a3be43-d6126-6c779"",""name"":""campaign""}"
"d8a3b5f9-8abd-482b-a76f-2988e9328aa1","Windows Server",128,45,3711,"Madagascar","Wayne Garcia","Google Cloud Platform","Stopped","2023-05-05 03:25:43.000","{""costCenter"":478,""instanceId"":""057-7d-b5cb7e4671a5ce5"",""name"":""card""}"
"d8c74fb5-5742-4405-98f8-7597300228d1","CentOS",241,60,2661,"Germany","Edward Espinoza","Microsoft Azure","Paused","2023-05-09 00:02:51.000","{""costCenter"":697,""instanceId"":""i-e42e37-440e0-25cab"",""name"":""life""}"
"d92950ae-7536-461f-b371-124957bc76b8","Debian",141,59,3309,"British Indian Ocean Territory (Chagos Archipelago)","Troy Diaz","Microsoft Azure","Paused","2023-05-04 12:05:37.000","{""costCenter"":320,""instanceId"":""i-7941d3-4373c-ae086"",""name"":""value""}"
"d930408e-3433-477a-a47b-6f745c4c8c75","Debian",198,18,2468,"Tajikistan","Timothy Turner","Microsoft Azure","Paused","2023-05-08 07:47:08.000","{""costCenter"":820,""instanceId"":""i-453c32-4e241-dd613"",""name"":""name""}"
"d932d211-c3dd-4a9e-a3da-6376d47a9ef5","CentOS",179,59,1789,"Equatorial Guinea","Regina Zhang","Google Cloud Platform","Running","2023-05-01 09:47:17.000","{""costCenter"":688,""instanceId"":""4cc-83-215ecfb3c4ad353"",""name"":""realize""}"
"d964baaa-f2a7-4c6b-b489-ca347abf022c","CentOS",84,34,675,"Reunion","Michael Rivera","Google Cloud Platform","Running","2023-05-02 16:29:20.000","{""costCenter"":765,""instanceId"":""998-06-f4a3900c0b180a8"",""name"":""realize""}"
"da6b74e9-5c6a-486a-bd56-081869e5da6b","Debian",89,59,2166,"Serbia","Beverly Shelton","Google Cloud Platform","Paused","2023-05-08 11:53:23.000","{""costCenter"":387,""instanceId"":""389-4f-777c2b1ed75c241"",""name"":""evening""}"
"da728236-335f-4aec-9953-3ff1f37abbfb","Red Hat Enterprise Linux",120,55,2114,"Palau","Elizabeth Hernandez","Google Cloud Platform","Paused","2023-05-04 00:34:34.000","{""costCenter"":624,""instanceId"":""bd8-e6-292d58e5c7597ec"",""name"":""serve""}"
"dac0c94c-407d-410e-9e77-ee71acde4360","CentOS",112,56,173,"Cape Verde","Michael Perez","Amazon Web Services","Paused","2023-05-07 12:33:38.000","{""costCenter"":311,""instanceId"":""i-20a911fd"",""name"":""north""}"
"db4456c7-9e23-4b01-9271-1c8b42b0f47a","Ubuntu",138,51,3442,"Oman","Jon Kelley","Microsoft Azure","Stopped","2023-05-04 00:17:56.000","{""costCenter"":229,""instanceId"":""i-578049-12a8e-89bea"",""name"":""partner""}"
"dbe3c974-75b0-4f6f-b709-62e70d3b5047","Debian",215,64,3281,"Niger","Kristi Webb","Google Cloud Platform","Stopped","2023-05-05 21:27:06.000","{""costCenter"":976,""instanceId"":""a8c-aa-636dc3b4c4a78de"",""name"":""always""}"
"dcbabb25-96b9-47fd-82dd-c36e2d4dc911","Red Hat Enterprise Linux",252,41,576,"Svalbard & Jan Mayen Islands","Jonathan Booker","Google Cloud Platform","Stopped","2023-05-01 23:26:26.000","{""costCenter"":318,""instanceId"":""df3-fb-4675b9e9a2c7ed2"",""name"":""voice""}"
"dcbea14d-517a-4c82-9868-bf81900fa49d","Red Hat Enterprise Linux",127,35,63,"Saudi Arabia","Steven Francis","Amazon Web Services","Stopped","2023-05-08 08:13:07.000","{""costCenter"":244,""instanceId"":""i-8a72d3ea"",""name"":""Congress""}"
"dccd5ded-9684-4f23-bcd9-1826dc28124f","Debian",163,40,2785,"Samoa","Andrew Clark","Google Cloud Platform","Stopped","2023-05-02 19:21:31.000","{""costCenter"":366,""instanceId"":""4b3-22-fcfbc5eccd63fff"",""name"":""level""}"
"dce9e95d-0253-4e42-91c5-9be2e46bbd3f","Ubuntu",190,15,3421,"Zimbabwe","Christopher Zavala","Microsoft Azure","Running","2023-05-04 07:52:25.000","{""costCenter"":131,""instanceId"":""i-7bf6c3-6bc6b-43aa9"",""name"":""during""}"
"dcec1f07-fedf-4396-830c-2c1cc095f385","Red Hat Enterprise Linux",83,41,312,"Iraq","Daniel Nelson","Amazon Web Services","Stopped","2023-05-01 06:24:12.000","{""costCenter"":377,""instanceId"":""i-04539207"",""name"":""best""}"
"dd1025ad-cd68-4311-9b6a-25c5ffdfce43","Red Hat Enterprise Linux",5,41,1791,"Korea","Claudia Richardson","Google Cloud Platform","Running","2023-05-03 05:04:26.000","{""costCenter"":314,""instanceId"":""786-2a-a37b789c0d2113e"",""name"":""future""}"
"dd4968ed-6c61-4e87-a221-c02707424c5a","CentOS",37,44,464,"Mayotte","Justin Fitzgerald","Microsoft Azure","Paused","2023-05-08 22:25:10.000","{""costCenter"":963,""instanceId"":""i-98628d-18435-8d2f6"",""name"":""himself""}"
"dd51d2cc-c3e4-4f1d-8ac6-ffed3adccb93","Windows Server",123,16,1060,"Mexico","Ronald Alvarez DDS","Google Cloud Platform","Running","2023-05-04 14:37:52.000","{""costCenter"":910,""instanceId"":""55f-b5-d203db71ae2dd4c"",""name"":""score""}"
"dd5e1284-f1a3-42f0-bdb2-f2311821e34e","Ubuntu",86,11,3245,"Togo","Jenna Webster","Microsoft Azure","Running","2023-05-02 22:00:59.000","{""costCenter"":640,""instanceId"":""i-7ea3ec-75c41-94626"",""name"":""tell""}"
"dd677075-47ce-4b3d-908f-4ecfe9d41d4c","Ubuntu",57,41,2409,"Zimbabwe","Robert Williams","Amazon Web Services","Running","2023-05-06 01:04:13.000","{""costCenter"":579,""instanceId"":""i-5e1c725e"",""name"":""compare""}"
"dde86501-1438-40ed-afa1-86a4c76b558c","Red Hat Enterprise Linux",16,43,2202,"Greece","Sherry Williams","Microsoft Azure","Running","2023-05-01 21:41:26.000","{""costCenter"":145,""instanceId"":""i-203499-e2fac-57fdd"",""name"":""up""}"
"de72c630-ecd3-49a8-ad7a-cc66d1bc3aea","CentOS",188,39,2956,"Iceland","Allison Mendez","Google Cloud Platform","Running","2023-05-09 18:13:16.000","{""costCenter"":504,""instanceId"":""85c-e4-5dbd2207e72d76b"",""name"":""understand""}"
"dec6661f-04f2-4aae-a85e-865038835c2d","Red Hat Enterprise Linux",207,59,3287,"Wallis and Futuna","Cynthia Odonnell","Google Cloud Platform","Running","2023-05-07 05:25:50.000","{""costCenter"":331,""instanceId"":""e94-27-dee00a84a6c1b02"",""name"":""assume""}"
"deed88ed-3624-4f6a-ab5d-38f3a790689d","Red Hat Enterprise Linux",249,11,1081,"Malta","Dylan Johnson","Microsoft Azure","Paused","2023-05-09 16:43:12.000","{""costCenter"":595,""instanceId"":""i-4f241e-1fa41-6b358"",""name"":""as""}"
"df5d9a0a-da04-4711-b795-7ff36070e99b","Ubuntu",223,42,1458,"Jersey","Kathy Spears","Microsoft Azure","Running","2023-05-09 15:42:25.000","{""costCenter"":703,""instanceId"":""i-8e1894-fde91-d3f3a"",""name"":""apply""}"
"df753391-1335-42c9-9ee1-0d538044e1de","CentOS",222,6,3192,"Libyan Arab Jamahiriya","Sarah Morrison","Google Cloud Platform","Stopped","2023-05-01 12:48:27.000","{""costCenter"":533,""instanceId"":""5a6-97-226e72cc77569f6"",""name"":""later""}"
"dfbae463-a3c0-45be-bf24-aa6b8b5acd88","Debian",180,41,4075,"British Indian Ocean Territory (Chagos Archipelago)","Edward Frost","Google Cloud Platform","Paused","2023-05-04 08:55:58.000","{""costCenter"":438,""instanceId"":""79d-0c-60d21f828c40c59"",""name"":""try""}"
"dfed58e6-a046-4bf0-8437-339ba6f721c2","Ubuntu",64,3,144,"Mozambique","Veronica Griffin","Google Cloud Platform","Stopped","2023-05-07 03:05:02.000","{""costCenter"":366,""instanceId"":""ea4-8c-385bedb69a2d0ae"",""name"":""think""}"
"e11337ea-9b46-4c36-bdf0-322e790e62b4","CentOS",10,42,2430,"Macao","Melissa Price","Google Cloud Platform","Running","2023-05-08 04:52:45.000","{""costCenter"":724,""instanceId"":""08b-dc-1c3f9fdf39302be"",""name"":""bank""}"
"e1232dea-2b39-4e1f-9ab7-b44261ca3aab","Red Hat Enterprise Linux 8",256,32,2048,"us-east-1","Mike Mitrowski","Amazon Web Services","Stopped","2023-04-28 16:59:59.000","{""costCenter"":584,""instanceId"":""i-3c66d7a6"",""name"":""kafka-test""}"
"e15a3783-5d44-4693-ae70-7995f687423e","Ubuntu",17,64,695,"Kazakhstan","Cheryl Mccoy","Amazon Web Services","Paused","2023-05-03 16:02:34.000","{""costCenter"":655,""instanceId"":""i-3308a68c"",""name"":""voice""}"
"e1ccfae5-8f5b-4862-b819-2ceac90ede73","Ubuntu",131,26,1660,"Malaysia","Kevin Hayden","Amazon Web Services","Running","2023-05-01 11:02:24.000","{""costCenter"":277,""instanceId"":""i-d8def655"",""name"":""top""}"
"e216b3ea-03eb-413e-a207-f3fb9020ed84","Ubuntu",235,5,1555,"Liechtenstein","Jeremy Mcgee","Microsoft Azure","Stopped","2023-05-05 17:28:43.000","{""costCenter"":633,""instanceId"":""i-f55158-8b72e-27916"",""name"":""here""}"
"e27aaecf-c4ca-44af-992f-1035d8b5e0fc","Red Hat Enterprise Linux",168,55,1766,"Argentina","Todd Smith","Amazon Web Services","Running","2023-05-07 20:08:26.000","{""costCenter"":479,""instanceId"":""i-aa8470a1"",""name"":""though""}"
"e2f0cbf8-d164-4293-b957-2001afec3632","CentOS",153,22,866,"Samoa","William Boyle","Amazon Web Services","Running","2023-05-07 07:04:58.000","{""costCenter"":467,""instanceId"":""i-752d8e3f"",""name"":""particularly""}"
"e311777b-b8bd-49f7-9b47-b7374c032e37","Debian",208,45,727,"Seychelles","Jennifer Harrell","Microsoft Azure","Running","2023-05-02 13:21:00.000","{""costCenter"":334,""instanceId"":""i-28fa7e-da873-13e50"",""name"":""writer""}"
"e334afde-84d7-4f57-b168-4805c7ee1700","CentOS",38,46,3003,"Saint Kitts and Nevis","Richard Frazier","Google Cloud Platform","Running","2023-05-01 04:35:59.000","{""costCenter"":104,""instanceId"":""831-bc-5e7129425c89786"",""name"":""dog""}"
"e337f75d-5fed-4239-beeb-b09523551037","Debian",46,52,4069,"New Caledonia","David Rogers","Microsoft Azure","Stopped","2023-05-03 16:24:06.000","{""costCenter"":576,""instanceId"":""i-41de15-4622e-46e62"",""name"":""a""}"
"e355e87d-2aa6-4920-9c27-e7cdd7c2a6bc","Windows Server",30,13,1785,"Brunei Darussalam","Breanna Jordan","Microsoft Azure","Paused","2023-05-04 19:48:56.000","{""costCenter"":316,""instanceId"":""i-4fd082-ebf18-f6518"",""name"":""bag""}"
"e35b54da-cb4d-4736-ac06-a20056c38d9d","Red Hat Enterprise Linux",33,63,3268,"Fiji","Tony Avila","Google Cloud Platform","Stopped","2023-05-03 12:48:57.000","{""costCenter"":426,""instanceId"":""205-a5-64ddec9aaf73eeb"",""name"":""president""}"
"e35caead-c8fd-4186-ad26-6bfb13ead511","Windows Server",17,25,1744,"Romania","Marc Williams","Microsoft Azure","Paused","2023-05-07 10:21:59.000","{""costCenter"":813,""instanceId"":""i-618b53-ac6f5-f8eab"",""name"":""force""}"
"e3a51abc-966e-4c6b-89ac-5fb41e7bbaf0","Ubuntu",153,34,96,"Dominican Republic","Lisa Simmons","Microsoft Azure","Paused","2023-05-07 23:05:30.000","{""costCenter"":506,""instanceId"":""i-459bde-41aa2-be1dd"",""name"":""effort""}"
"e3b0ba70-8689-47ac-b4b3-f75de2e4458e","Debian",190,23,2236,"French Southern Territories","Aaron Willis","Google Cloud Platform","Paused","2023-05-09 14:00:17.000","{""costCenter"":553,""instanceId"":""52e-3d-8e1453d32072790"",""name"":""shake""}"
"e40901a4-acd7-4f73-bc96-7f3c8f53fb5f","Red Hat Enterprise Linux",215,54,2894,"Bangladesh","Rachel Shah","Google Cloud Platform","Running","2023-05-01 13:01:45.000","{""costCenter"":492,""instanceId"":""feb-ad-71749e796d21435"",""name"":""speak""}"
"e4298e93-aee2-42c8-b1c2-df56838c4625","CentOS",19,11,2622,"Djibouti","Darren Oconnor","Microsoft Azure","Stopped","2023-05-04 00:54:49.000","{""costCenter"":934,""instanceId"":""i-1178ba-567af-b29ac"",""name"":""specific""}"
"e4d67ea6-c019-45b0-ac34-9d650e36c148","Ubuntu",76,23,1233,"Yemen","James Brown","Google Cloud Platform","Stopped","2023-05-02 08:24:47.000","{""costCenter"":459,""instanceId"":""f7b-3b-3022bfc4db355f1"",""name"":""front""}"
"e4d8cb98-a718-4584-af43-ebb1978e1b1b","Red Hat Enterprise Linux",124,12,938,"Peru","John Murphy","Amazon Web Services","Stopped","2023-05-06 23:17:18.000","{""costCenter"":491,""instanceId"":""i-534ad4c6"",""name"":""loss""}"
"e4f08538-86b1-4db9-83eb-60154cafa4db","Red Hat Enterprise Linux",38,7,722,"Congo","Jack Castro","Microsoft Azure","Stopped","2023-05-06 19:42:54.000","{""costCenter"":134,""instanceId"":""i-085ee1-f2108-b73b3"",""name"":""similar""}"
"e51c095b-148b-4bf7-ba8b-2ac6906c8cc3","Debian",98,55,4073,"United States of America","Martin Contreras","Microsoft Azure","Stopped","2023-05-08 11:00:10.000","{""costCenter"":247,""instanceId"":""i-6fa870-8e0fc-07d00"",""name"":""fill""}"
"e5c187fc-41ab-4e1f-a09d-179de92bcdb0","Red Hat Enterprise Linux",58,35,3722,"Dominican Republic","Lisa Camacho","Google Cloud Platform","Paused","2023-05-02 16:46:09.000","{""costCenter"":912,""instanceId"":""22f-fa-385b9885f436adb"",""name"":""pattern""}"
"e5f9c3f1-3eca-4348-8991-d3ebf93978f3","Windows Server",102,11,3514,"Ethiopia","Mia Maddox","Microsoft Azure","Running","2023-05-02 19:20:52.000","{""costCenter"":884,""instanceId"":""i-66ea9b-fcb3c-966e6"",""name"":""call""}"
"e69cd119-c37a-4978-b86d-a0ec4b5e53fa","Windows Server",138,64,4093,"Barbados","Nicholas Gutierrez","Amazon Web Services","Running","2023-05-06 13:17:15.000","{""costCenter"":264,""instanceId"":""i-6cc03727"",""name"":""law""}"
"e71af021-d2b4-4832-bb65-acc0ecfc7f04","Red Hat Enterprise Linux",227,25,2567,"French Guiana","Jennifer Andrade","Amazon Web Services","Running","2023-05-08 12:35:37.000","{""costCenter"":357,""instanceId"":""i-28209804"",""name"":""machine""}"
"e72bfb83-fbb9-43f8-bf63-9b1aa302ced4","Debian",126,53,3215,"Ukraine","Jacob Hayes","Amazon Web Services","Paused","2023-05-01 22:04:20.000","{""costCenter"":631,""instanceId"":""i-523b2574"",""name"":""fire""}"
"e736a4db-2fa2-4054-90f4-be1fb3bcc309","CentOS",137,59,1331,"Brazil","Ashley Jacobson","Microsoft Azure","Running","2023-05-08 02:36:40.000","{""costCenter"":770,""instanceId"":""i-d822cb-5e93e-a0d2b"",""name"":""mission""}"
"e7c4c87e-885e-409f-a777-29eaa9af6f67","Ubuntu",147,39,2022,"Bangladesh","Cynthia Reynolds","Google Cloud Platform","Running","2023-05-05 01:10:52.000","{""costCenter"":353,""instanceId"":""c59-ee-59a9c4f6170cd3d"",""name"":""race""}"
"e7fff374-49e6-4468-b157-31c40b83cfbe","Windows Server",239,26,1427,"Burkina Faso","Marisa Johnson","Amazon Web Services","Running","2023-05-05 00:06:16.000","{""costCenter"":598,""instanceId"":""i-3c6a5592"",""name"":""surface""}"
"e81091bf-f3c1-4116-81f2-42c55dc7684d","Ubuntu",177,12,3979,"Myanmar","Michael Calhoun","Microsoft Azure","Stopped","2023-05-08 17:21:07.000","{""costCenter"":425,""instanceId"":""i-8f4297-f5d11-8a9fc"",""name"":""raise""}"
"e8521dc0-8645-436f-9d3c-547bd5ae6b68","Debian",27,60,1573,"Georgia","Linda Calderon","Google Cloud Platform","Running","2023-05-01 02:20:41.000","{""costCenter"":464,""instanceId"":""5e4-18-c9625c384307dba"",""name"":""less""}"
"e8b876ae-8cad-4261-b845-817d301347d2","Windows Server",100,23,3149,"Dominica","Katie Pearson","Google Cloud Platform","Running","2023-05-06 20:46:57.000","{""costCenter"":354,""instanceId"":""823-3d-d47e19bc729cc11"",""name"":""none""}"
"e9183c8f-c6b2-4490-bba7-697727a7a281","Red Hat Enterprise Linux",99,26,860,"Northern Mariana Islands","Nicholas Rodriguez","Google Cloud Platform","Paused","2023-05-01 18:48:45.000","{""costCenter"":519,""instanceId"":""680-a0-d9ec91af457be8d"",""name"":""put""}"
"e927a6bf-bc30-4483-b8a2-e6bd9c37c432","Debian",204,18,3420,"Aruba","James Jones PhD","Microsoft Azure","Paused","2023-05-09 11:30:42.000","{""costCenter"":386,""instanceId"":""i-6eab33-a9223-ef3e6"",""name"":""none""}"
"e92c5f58-1a5d-48fd-91ce-c13a96b94877","Red Hat Enterprise Linux",30,50,1737,"Greenland","Jocelyn Lowe","Google Cloud Platform","Stopped","2023-05-07 03:21:56.000","{""costCenter"":556,""instanceId"":""f0f-fc-1f2571347ab8ac5"",""name"":""door""}"
"e9603794-d519-450d-aa8e-a46d9b1f7c80","Red Hat Enterprise Linux",230,49,2201,"Tanzania","Shawn Ramos","Google Cloud Platform","Paused","2023-05-01 05:41:52.000","{""costCenter"":510,""instanceId"":""844-09-49347274d4f8964"",""name"":""teach""}"
"e9814511-58b6-44bc-ad41-bddbdc73d5a1","CentOS",247,17,14,"Guernsey","Laura Olson","Google Cloud Platform","Stopped","2023-05-06 23:42:58.000","{""costCenter"":891,""instanceId"":""2c7-cd-bc2c1bf63dd2080"",""name"":""control""}"
"e9fb74ec-03d2-41d1-8a20-149794c27ecf","Red Hat Enterprise Linux",106,11,1050,"British Indian Ocean Territory (Chagos Archipelago)","Diana Acevedo","Google Cloud Platform","Stopped","2023-05-02 20:13:58.000","{""costCenter"":199,""instanceId"":""a4d-64-21b29e3ef174785"",""name"":""gun""}"
"ea3fa876-0082-46b2-a46c-d31dcc5b1249","Red Hat Enterprise Linux",87,7,75,"Macedonia","Chad Smith","Google Cloud Platform","Paused","2023-05-09 04:39:55.000","{""costCenter"":898,""instanceId"":""077-ca-3cae9e45ed15f0a"",""name"":""keep""}"
"ea83b3d1-9379-49a0-b5ca-cbdd15df39a9","Windows Server",105,35,542,"Lesotho","Tracy Archer","Microsoft Azure","Stopped","2023-05-04 14:19:25.000","{""costCenter"":772,""instanceId"":""i-99c07c-e45bd-ca602"",""name"":""indicate""}"
"eb5a4897-8b17-402e-bb40-b6eebe47da08","CentOS",192,18,1547,"Peru","Abigail Williams","Microsoft Azure","Stopped","2023-05-04 10:39:25.000","{""costCenter"":574,""instanceId"":""i-a25b2c-d7b2f-4b31f"",""name"":""reveal""}"
"eb812766-3e67-4b25-9487-2a4bb686d4f7","Windows Server",230,15,2802,"Faroe Islands","Thomas Case","Amazon Web Services","Stopped","2023-05-01 12:23:03.000","{""costCenter"":780,""instanceId"":""i-3b882ebf"",""name"":""together""}"
"ebedc785-1542-4ef0-a93c-2c3780412a27","Red Hat Enterprise Linux",10,4,2936,"Cameroon","Mrs. Allison Gray","Google Cloud Platform","Paused","2023-05-03 15:43:47.000","{""costCenter"":604,""instanceId"":""e50-8a-6ce741c4dba883d"",""name"":""exactly""}"
"ec6750f9-479a-4e9b-92c4-e4a94d914740","CentOS",51,6,3992,"Jamaica","Miranda Fritz","Microsoft Azure","Running","2023-05-06 02:10:43.000","{""costCenter"":393,""instanceId"":""i-de5e5f-200df-2bcab"",""name"":""person""}"
"ecf6b1f3-d7e6-4648-8297-fba1c54d2a19","Red Hat Enterprise Linux",137,29,2665,"Saint Vincent and the Grenadines","Dawn York","Microsoft Azure","Stopped","2023-05-03 18:11:02.000","{""costCenter"":904,""instanceId"":""i-caa0e1-d06a9-4bb79"",""name"":""personal""}"
"ecf8e174-ce8c-4c81-a2d9-d113bd55b26f","CentOS",134,51,1998,"Anguilla","Kaitlin Wood PhD","Amazon Web Services","Paused","2023-05-01 05:47:08.000","{""costCenter"":923,""instanceId"":""i-9a99415e"",""name"":""that""}"
"ed02e122-0b76-4258-9f43-29df2472c687","CentOS",116,34,975,"Tanzania","Lisa Zuniga","Amazon Web Services","Running","2023-05-09 07:49:59.000","{""costCenter"":221,""instanceId"":""i-36e44505"",""name"":""buy""}"
"ed656ad3-44dd-45a7-9104-c040efaad2f8","Red Hat Enterprise Linux",145,43,1776,"Slovakia (Slovak Republic)","Lacey Ali","Google Cloud Platform","Running","2023-05-07 13:12:43.000","{""costCenter"":172,""instanceId"":""51f-77-6b39d4ef581ad6d"",""name"":""suggest""}"
"ed7e4847-cfb0-412b-a53c-47189d7bc308","Windows Server",38,35,2264,"Malaysia","Kimberly Velasquez","Amazon Web Services","Paused","2023-05-06 05:08:00.000","{""costCenter"":525,""instanceId"":""i-bd943946"",""name"":""campaign""}"
"ed88080c-eded-4693-a967-01c8794d6705","Debian",167,19,142,"Grenada","Brian Foster","Amazon Web Services","Stopped","2023-05-02 04:45:06.000","{""costCenter"":460,""instanceId"":""i-8b2ffd3a"",""name"":""place""}"
"ede7883d-b998-4fbf-9b3f-e60fb1bf7d44","Debian",14,20,70,"Lesotho","Michael Moran","Google Cloud Platform","Running","2023-05-04 10:13:03.000","{""costCenter"":641,""instanceId"":""8bb-7b-cfc42fcbc2a6dad"",""name"":""early""}"
"ee371056-fcd2-4f34-b3ac-c50d927c5ff9","Debian",82,53,1289,"Italy","Amy Weber","Amazon Web Services","Running","2023-05-02 00:53:56.000","{""costCenter"":330,""instanceId"":""i-3b04e958"",""name"":""agent""}"
"ee4a1945-bfe7-467b-81f4-6f0d745cb5e2","Red Hat Enterprise Linux",171,41,2436,"Australia","Raymond Mclean","Amazon Web Services","Paused","2023-05-05 06:00:03.000","{""costCenter"":503,""instanceId"":""i-2a1d1b6f"",""name"":""include""}"
"ee8358db-bec5-48a1-929f-2bf243e37fec","Windows Server",200,35,1340,"New Caledonia","Brian Li","Microsoft Azure","Paused","2023-05-03 14:02:23.000","{""costCenter"":385,""instanceId"":""i-30441f-24120-a4a13"",""name"":""blood""}"
"eeb6bc52-cad8-4506-8896-aaa0ec47d51d","CentOS",194,9,2556,"Poland","John Thompson","Google Cloud Platform","Running","2023-05-04 00:04:28.000","{""costCenter"":740,""instanceId"":""20d-aa-61ce5c131e712a3"",""name"":""discussion""}"
"ef1faeca-eeb1-4884-bf1a-3879c9b60117","Ubuntu",63,64,1726,"Montserrat","Carrie Higgins","Google Cloud Platform","Paused","2023-05-09 11:17:45.000","{""costCenter"":804,""instanceId"":""885-1a-07002a0a75ef51b"",""name"":""light""}"
"ef593dd0-63c0-418d-93ec-a2019eb65fac","Ubuntu",203,5,2488,"Andorra","Kristina Leon","Google Cloud Platform","Stopped","2023-05-07 07:44:27.000","{""costCenter"":835,""instanceId"":""d6a-da-79099749eaced48"",""name"":""bring""}"
"efefc6ee-cdf8-41ae-9659-4028205fbbe1","Red Hat Enterprise Linux",205,51,2171,"Saint Helena","Shannon Contreras","Google Cloud Platform","Stopped","2023-05-01 22:23:20.000","{""costCenter"":743,""instanceId"":""f67-39-fa29988c52d0b26"",""name"":""same""}"
"f066036c-a2ab-4329-839e-6054df5c98d7","Windows Server",186,39,1702,"Sudan","Timothy Roberts","Google Cloud Platform","Stopped","2023-05-05 02:10:23.000","{""costCenter"":204,""instanceId"":""bba-d7-1f25506d99e80d8"",""name"":""approach""}"
"f0940594-6f73-4a02-9408-501e5c4ea1fd","Debian",67,27,1711,"Chile","Angela Rogers","Google Cloud Platform","Stopped","2023-05-03 19:05:17.000","{""costCenter"":296,""instanceId"":""d22-3f-2ffbb7d04ff1e58"",""name"":""week""}"
"f0e9d820-e842-4f3b-ba0d-d10d1b9f433b","CentOS",85,31,1096,"Bahrain","Ryan Schmitt","Microsoft Azure","Running","2023-05-05 13:17:41.000","{""costCenter"":348,""instanceId"":""i-ad4556-9f740-4a65a"",""name"":""research""}"
"f107463d-1e44-4b67-845f-da988bdad718","Ubuntu",9,1,145,"Netherlands","David Calderon","Google Cloud Platform","Stopped","2023-05-03 10:31:24.000","{""costCenter"":311,""instanceId"":""a33-b8-b542ec05cb6fa5a"",""name"":""he""}"
"f16c6e21-daee-4131-8fac-008d458667b2","Ubuntu",60,36,3253,"Guernsey","Bobby Parker","Google Cloud Platform","Stopped","2023-05-04 11:50:39.000","{""costCenter"":118,""instanceId"":""807-4d-87260baa963e9ad"",""name"":""happy""}"
"f1a70e9f-2d0f-4ab3-a0fa-8ea0290a5003","CentOS",153,7,3691,"Yemen","Edward Lewis","Amazon Web Services","Running","2023-05-06 14:49:51.000","{""costCenter"":987,""instanceId"":""i-0dfb1eef"",""name"":""artist""}"
"f1b6dace-0185-400d-a583-95a3faad8a27","Ubuntu",116,31,4061,"Saint Barthelemy","Dorothy Williams","Microsoft Azure","Running","2023-05-05 07:26:01.000","{""costCenter"":288,""instanceId"":""i-bec5b8-8b9d2-95fb8"",""name"":""purpose""}"
"f1e9d7cf-58f3-402c-8357-015aba162450","Red Hat Enterprise Linux",167,51,2414,"Libyan Arab Jamahiriya","John West","Amazon Web Services","Running","2023-05-04 12:35:17.000","{""costCenter"":348,""instanceId"":""i-5f362b0c"",""name"":""want""}"
"f2011b62-eaec-44da-8020-81d19200af9b","Red Hat Enterprise Linux",123,62,3306,"Marshall Islands","Melanie Bray","Google Cloud Platform","Stopped","2023-05-06 22:53:52.000","{""costCenter"":286,""instanceId"":""a32-4b-6e56ce4039f52a8"",""name"":""behind""}"
"f242e63c-dd6c-46d7-9849-6b386e4893ca","Windows Server",183,28,4050,"Bosnia and Herzegovina","Jennifer Jimenez","Microsoft Azure","Paused","2023-05-08 04:40:53.000","{""costCenter"":350,""instanceId"":""i-1aaf95-b7adc-536ca"",""name"":""church""}"
"f244168b-96e9-4cb5-9f39-d320860594e1","Ubuntu",31,64,3133,"Bahrain","Glenn Richards","Google Cloud Platform","Running","2023-05-07 23:39:39.000","{""costCenter"":962,""instanceId"":""bbf-89-ad1d4b16b730ad1"",""name"":""effect""}"
"f2580fa2-a1eb-47c5-8d6a-fb92f89567b1","Ubuntu",242,51,3724,"Finland","Nicholas Schultz","Google Cloud Platform","Running","2023-05-01 07:04:14.000","{""costCenter"":270,""instanceId"":""758-c1-ed6178dee883f3e"",""name"":""way""}"
"f25d55f1-52a2-4e5a-805d-ccf81d5c6f60","Debian",128,16,2816,"Greece","Cynthia Salazar","Google Cloud Platform","Running","2023-05-09 04:22:01.000","{""costCenter"":314,""instanceId"":""e25-1b-7ccd2911cf64872"",""name"":""resource""}"
"f275045d-817a-4602-a07f-a77c56623b4f","CentOS",106,23,2831,"French Southern Territories","Keith Henry","Microsoft Azure","Running","2023-05-04 03:01:30.000","{""costCenter"":952,""instanceId"":""i-579495-37720-2e619"",""name"":""let""}"
"f29c47e0-ab26-4af8-81d7-d50bd7c28b8d","Windows Server",57,36,1595,"Malaysia","Deborah Newton","Google Cloud Platform","Running","2023-05-03 00:54:54.000","{""costCenter"":488,""instanceId"":""340-fb-1be447a9014ef6f"",""name"":""main""}"
"f2dfb0a2-618a-4515-8b85-0406a53d8e95","Red Hat Enterprise Linux",75,10,3993,"Philippines","Diamond Hernandez","Amazon Web Services","Stopped","2023-05-08 01:19:43.000","{""costCenter"":958,""instanceId"":""i-4766a599"",""name"":""factor""}"
"f2eed92f-94f5-439a-bdfb-8c7f90ebcbe6","CentOS",127,5,2441,"Moldova","Cheyenne Page","Microsoft Azure","Stopped","2023-05-03 21:38:29.000","{""costCenter"":632,""instanceId"":""i-7423ac-9ca9d-deb50"",""name"":""think""}"
"f36e3f58-5cad-4342-a276-9b303608f865","CentOS",34,48,322,"Korea","Kimberly Mann","Amazon Web Services","Paused","2023-05-02 12:43:22.000","{""costCenter"":282,""instanceId"":""i-462b1756"",""name"":""parent""}"
"f4b389ff-7e6c-4ad1-b94f-c10990ed4496","Windows Server",202,40,1398,"Netherlands Antilles","John Bradshaw","Microsoft Azure","Running","2023-05-06 12:14:55.000","{""costCenter"":487,""instanceId"":""i-d91ad5-c6379-d1cdf"",""name"":""difficult""}"
"f5a8262c-5f18-4433-bb2d-8b3a82c42b51","CentOS",48,13,3706,"Cote d'Ivoire","Alexandra Ortiz","Google Cloud Platform","Running","2023-05-07 09:32:06.000","{""costCenter"":774,""instanceId"":""50b-35-fb221cc1f17799b"",""name"":""act""}"
"f6368805-df69-46ba-a1ec-3e7340d9bca0","Debian",12,50,500,"Cuba","Thomas Adams","Microsoft Azure","Running","2023-05-05 08:32:20.000","{""costCenter"":494,""instanceId"":""i-3dfdf7-e0a11-376b9"",""name"":""personal""}"
"f673609b-c505-44f8-8314-b52c5ccead0a","CentOS",25,6,1321,"Greenland","Renee Gillespie DDS","Microsoft Azure","Running","2023-05-01 09:56:44.000","{""costCenter"":314,""instanceId"":""i-b9305f-7851f-53af6"",""name"":""scene""}"
"f6b05e3b-328a-4a76-90bb-f694846bc76e","Windows Server",164,55,993,"Holy See (Vatican City State)","Joe Chavez","Microsoft Azure","Paused","2023-05-02 22:14:28.000","{""costCenter"":913,""instanceId"":""i-e6ff33-e0216-45efb"",""name"":""wish""}"
"f6c5e93a-2228-4770-a702-deeecd2ee356","Ubuntu",30,61,2249,"Anguilla","Jennifer Moore","Amazon Web Services","Paused","2023-05-02 18:09:18.000","{""costCenter"":125,""instanceId"":""i-80476229"",""name"":""stage""}"
"f6dde2bf-46b8-4a47-b29d-81077beb373c","Windows Server",69,61,207,"Reunion","Jillian Williams","Amazon Web Services","Paused","2023-05-02 05:15:07.000","{""costCenter"":345,""instanceId"":""i-77cb157d"",""name"":""often""}"
"f71f1533-60a1-429d-b3db-60b4b83b1651","CentOS",80,22,2198,"Belgium","Adam Flores","Microsoft Azure","Paused","2023-05-08 03:26:22.000","{""costCenter"":292,""instanceId"":""i-4905f3-35688-ed246"",""name"":""account""}"
"f7760aae-a047-44ed-b4b9-ba114b73bc0e","Debian",191,20,2659,"Wallis and Futuna","Samantha Wilson","Amazon Web Services","Stopped","2023-05-08 04:43:47.000","{""costCenter"":720,""instanceId"":""i-52f651f8"",""name"":""result""}"
"f7a3f748-5e6c-4ad5-b890-0fc060febd63","CentOS",101,18,2434,"Singapore","Alan Silva","Google Cloud Platform","Running","2023-05-07 18:21:08.000","{""costCenter"":298,""instanceId"":""2b8-16-c48a4e1bcada8fc"",""name"":""card""}"
"f7fae956-7dbe-4da9-820e-48733ba449f7","Ubuntu",127,14,3119,"Palestinian Territory","Stacey Ramos","Google Cloud Platform","Running","2023-05-09 07:48:56.000","{""costCenter"":139,""instanceId"":""1e3-0f-1315742a634934f"",""name"":""investment""}"
"f8118211-17dc-43fb-a942-4bc2f3d85f5f","Windows Server",116,10,1619,"Mozambique","Kyle Andersen","Microsoft Azure","Paused","2023-05-01 23:32:57.000","{""costCenter"":159,""instanceId"":""i-2dfe39-83b5d-ed1bb"",""name"":""sound""}"
"f8bf936b-2814-43eb-b813-c8d7b2605611","CentOS",64,52,2459,"Malawi","Jamie Weaver","Amazon Web Services","Stopped","2023-05-05 14:45:19.000","{""costCenter"":728,""instanceId"":""i-49fd2468"",""name"":""teacher""}"
"f8c4956e-0163-49db-a0f3-01dfb97bded7","Windows Server",144,26,3117,"Croatia","Ashley Olsen","Google Cloud Platform","Running","2023-05-07 04:14:39.000","{""costCenter"":619,""instanceId"":""37b-79-5c46d79a2933ff5"",""name"":""laugh""}"
"f8ce9bce-d780-4dbe-8387-6910de49e074","Red Hat Enterprise Linux",84,37,2978,"Cyprus","Dennis Meyer","Microsoft Azure","Stopped","2023-05-07 01:03:36.000","{""costCenter"":607,""instanceId"":""i-ff1beb-e720c-4e67a"",""name"":""instead""}"
"f8d702dc-0042-4713-9c84-4c77f3662617","Red Hat Enterprise Linux",2,15,838,"Saint Martin","Erin Knight","Microsoft Azure","Stopped","2023-05-02 02:43:13.000","{""costCenter"":985,""instanceId"":""i-09127c-05b28-e3d9f"",""name"":""help""}"
"f8dd1acc-45e1-4697-9007-09556c301f36","Ubuntu",244,33,436,"Niue","Michael Taylor","Microsoft Azure","Running","2023-05-01 12:30:03.000","{""costCenter"":975,""instanceId"":""i-c5b904-f1d57-1f8f6"",""name"":""out""}"
"f90777fe-a35d-49b5-b48d-17465af6309e","Red Hat Enterprise Linux",110,17,2437,"Brazil","John Orozco","Amazon Web Services","Paused","2023-05-06 12:14:26.000","{""costCenter"":904,""instanceId"":""i-68d2621a"",""name"":""prove""}"
"f9100f41-8974-4ecd-a116-aee8b05c29f5","Red Hat Enterprise Linux",144,2,3713,"Jamaica","Kathleen Jones","Amazon Web Services","Paused","2023-05-04 14:17:13.000","{""costCenter"":541,""instanceId"":""i-cd92b168"",""name"":""impact""}"
"fa44f57d-55e5-4fe8-ba7c-5565077fdb3d","CentOS",48,46,1773,"Azerbaijan","William Carter","Microsoft Azure","Running","2023-05-02 23:29:32.000","{""costCenter"":464,""instanceId"":""i-1821e2-02f87-6b13f"",""name"":""draw""}"
"fa6dbfd9-f076-44b8-bb0c-3780611d7af6","Debian",176,42,3229,"Niger","Jeffrey Rodgers","Google Cloud Platform","Paused","2023-05-06 16:19:28.000","{""costCenter"":826,""instanceId"":""999-be-5d476810bc7d578"",""name"":""else""}"
"fa95f941-2116-41cc-92f9-9a1a6dca0633","CentOS",169,55,968,"Comoros","Megan Cox","Amazon Web Services","Running","2023-05-07 08:11:13.000","{""costCenter"":186,""instanceId"":""i-432af91c"",""name"":""station""}"
"faa47469-35e2-436b-a5b3-4e48e824fab2","Red Hat Enterprise Linux",256,3,440,"Madagascar","Mark White","Google Cloud Platform","Stopped","2023-05-03 00:53:14.000","{""costCenter"":389,""instanceId"":""469-1b-048bcbf89e6a6e7"",""name"":""society""}"
"fb10b3e2-9629-4602-9507-bcb8da52afed","Debian",24,30,2557,"Guadeloupe","Margaret Vazquez","Amazon Web Services","Stopped","2023-05-02 13:47:18.000","{""costCenter"":717,""instanceId"":""i-6ef0c8bf"",""name"":""student""}"
"fb162522-1d81-4461-b278-cd0f90b4cfda","Red Hat Enterprise Linux",153,16,2073,"Heard Island and McDonald Islands","Tami Rodriguez","Amazon Web Services","Stopped","2023-05-03 22:36:28.000","{""costCenter"":618,""instanceId"":""i-f6f2c7f5"",""name"":""score""}"
"fb9c7a0b-f575-45b7-9d4b-79d63c4edc90","Debian",201,62,2947,"Liechtenstein","Blake Hicks","Google Cloud Platform","Paused","2023-05-03 11:45:21.000","{""costCenter"":814,""instanceId"":""6db-02-7e8f1e60550ba87"",""name"":""themselves""}"
"fc1b96e5-4121-4957-b492-9edfcf170505","Ubuntu",157,56,2742,"Kuwait","Sarah Freeman","Microsoft Azure","Paused","2023-05-07 14:31:56.000","{""costCenter"":267,""instanceId"":""i-70928d-74030-580c6"",""name"":""those""}"
"fc694b65-f9ed-4d63-9ea3-4fa67123d1d0","Debian",201,47,1700,"Croatia","Martin Henderson","Amazon Web Services","Stopped","2023-05-04 09:50:41.000","{""costCenter"":294,""instanceId"":""i-5512c1b6"",""name"":""bed""}"
"fc6e91fe-bb31-4deb-bf25-ebc3da355bbe","Windows Server",99,60,3885,"Nicaragua","Debra Bennett","Amazon Web Services","Stopped","2023-05-06 09:21:59.000","{""costCenter"":847,""instanceId"":""i-f5a66ce2"",""name"":""anything""}"
"fc9989f0-e608-4616-8247-b3b3e4df3ef9","CentOS",200,38,1971,"United States Minor Outlying Islands","Matthew Wilson","Amazon Web Services","Running","2023-05-07 07:09:02.000","{""costCenter"":423,""instanceId"":""i-5c9df85b"",""name"":""who""}"
"fce95350-b06a-48ab-b255-21b97b225f8c","Debian",183,10,2205,"Guam","Karen Mcdaniel","Microsoft Azure","Running","2023-05-01 14:10:49.000","{""costCenter"":811,""instanceId"":""i-d2b380-76375-30186"",""name"":""growth""}"
"fd0d71fa-f34f-41fc-8e1e-42dfd584c044","CentOS",114,22,2707,"Cocos (Keeling) Islands","Wayne Wilson","Amazon Web Services","Paused","2023-05-08 20:11:16.000","{""costCenter"":643,""instanceId"":""i-f5685acc"",""name"":""prepare""}"
"fd22e0db-54ac-423c-a929-edbdac4872a6","Ubuntu",70,2,134,"Malawi","Robin Martinez","Amazon Web Services","Paused","2023-05-02 03:17:06.000","{""costCenter"":416,""instanceId"":""i-79ed498c"",""name"":""teach""}"
"fd493d5c-d160-4d0a-9a02-89eccf2dff48","Windows Server",84,19,1650,"Gibraltar","Andres Kramer","Microsoft Azure","Running","2023-05-08 14:59:39.000","{""costCenter"":520,""instanceId"":""i-b47022-b27a2-89ec5"",""name"":""purpose""}"
"fd7d8754-ff24-49cf-b4bb-a3a819010275","CentOS",236,55,2340,"Swaziland","Christina Weiss","Microsoft Azure","Paused","2023-05-03 02:38:43.000","{""costCenter"":535,""instanceId"":""i-2e824e-86206-16832"",""name"":""former""}"
"fdd4d564-da91-4266-9fb3-e0965f572456","Windows Server",224,46,3904,"American Samoa","Dillon Haley","Google Cloud Platform","Paused","2023-05-05 13:57:10.000","{""costCenter"":616,""instanceId"":""5df-d7-b929bf67b3e84b4"",""name"":""your""}"
"fdfe2ce2-242c-4ddc-93f2-e28701367938","CentOS",66,10,851,"Saint Martin","Richard Warner","Google Cloud Platform","Paused","2023-05-06 22:47:26.000","{""costCenter"":134,""instanceId"":""f9a-fa-e1e56328cbb5f11"",""name"":""size""}"
"fe23054c-e4ee-4e6e-8fee-a8ec2c198215","Windows Server",226,42,1721,"China","Alejandro Mcdaniel","Amazon Web Services","Paused","2023-05-04 02:18:43.000","{""costCenter"":797,""instanceId"":""i-3acd59e2"",""name"":""positive""}"
"ff03f1ac-bbda-4126-b32a-ae596b66c020","Ubuntu",74,49,1269,"Afghanistan","Karen Downs","Microsoft Azure","Running","2023-05-08 12:20:47.000","{""costCenter"":440,""instanceId"":""i-e87afc-47ae2-b2817"",""name"":""threat""}"
"ff4fc553-3053-4cd7-bb9b-18d5b0a6adfc","Red Hat Enterprise Linux",36,4,243,"France","Peggy Martinez","Google Cloud Platform","Paused","2023-05-07 23:02:34.000","{""costCenter"":552,""instanceId"":""a04-d8-dd27815030ceabb"",""name"":""give""}"
"ffdb3f5a-20ff-4e82-b778-e8891d0af5f5","Debian",115,33,1815,"Cape Verde","Russell Jones","Microsoft Azure","Paused","2023-05-05 21:10:41.000","{""costCenter"":511,""instanceId"":""i-5cbfe3-8ac59-1beb6"",""name"":""relationship""}"
